sid,pmid,pmcid
PKDB00954,8960852,
PKDB00955,14742789,
PKDB00956,16325295,
PKDB00957,16003298,
PKDB00958,21476064,
PKDB00181,6117393,
PKDB00228,9591931,
PKDB00251,2932334,
PKDB00326,16321619,
PKDB00308,31611799,PMC6777419
PKDB00327,15114429,
PKDB00322,11471773,
PKDB00249,20512335,PMC3043256
PKDB00209,17322140,
PKDB00205,12966371,
PKDB00179,2935051,
PKDB00298,15145968,
PKDB00252,27503364,PMC5299073
PKDB00211,15536460,
PKDB00207,7628179,
PKDB00305,28004396,
PKDB00321,10586386,
PKDB00307,8181191,
PKDB00244,17896891,
PKDB00208,10546919,
PKDB00323,20233179,PMC2824477
PKDB00217,12953340,
PKDB00324,15289787,
PKDB00345,10976543,
PKDB00361,15317833,
PKDB00351,1488408,
PKDB00367,8149872,
PKDB00243,16580903,
PKDB00352,25323804,
PKDB00356,30171779,PMC6256010
PKDB00355,11709322,PMC90851
PKDB00364,15518608,
PKDB00350,9728898,
PKDB00509,19238649,
PKDB00510,19842935,
PKDB00672,17192506,
PKDB00353,30729119,PMC6343132
PKDB00365,11180018,
PKDB00342,9834039,
PKDB00354,11061578,
PKDB00344,15206993,PMC1884539
PKDB00346,14979606,
PKDB00360,10934672,
PKDB00362,10741630,
PKDB00349,12784317,
PKDB00372,9542477,
PKDB00368,17108811,
PKDB00371,1613123,
PKDB00370,11361054,
PKDB00358,11497338,
PKDB00359,11753267,
PKDB00343,18213452,
PKDB00347,14691614,
PKDB00357,12723464,
PKDB00348,11259986,PMC2014440
Wynne1989,2643548,
PKDB00540,10226769,
PKDB00560,18408565,
PKDB00541,1613121,
PKDB00602,12891228,
PKDB00544,17622941,PMC4063287
PKDB00605,16678544,
PKDB00647,3096862,
PKDB00545,12811363,
PKDB00547,14748817,PMC1884432
PKDB00548,16678545,
PKDB00604,21851379,PMC3269589
PKDB00550,15226675,
PKDB00551,17047488,
PKDB00554,12811365,
PKDB00543,2125605,
PKDB00552,8219432,
PKDB00559,10709162,
PKDB00606,2114543,
PKDB00546,9625267,
PKDB00553,2106337,PMC1380090
PKDB00557,22114872,PMC3403202
PKDB00284,7062953,
PKDB00279,6803820,PMC1401936
PKDB00286,1505149,
PKDB00304,7226707,
PKDB00276,7286038,
PKDB00295,2512694,
PKDB00329,2702793,
PKDB00274,1127104,PMC301753
PKDB00318,11560871,
PKDB00285,21721594,
PKDB00281,18238878,
PKDB00294,762252,
PKDB00273,7438711,
PKDB00303,495118,
PKDB00317,42427,PMC1429902
PKDB00314,7955810,
PKDB00282,32219697,
PKDB00283,31965188,
Allegrini2009,19813461,
PKDB00676,2987705,
PKDB00658,2474102,
17986525,17986525,
PKDB00678,7514239,
Hemann2021,33773093,
Lu2006,16181761,
2992562,2992562,PMC1400639
PKDB00656,3034031,
Schunkert1989,2474104,
PKDB00657,2485051,
PKDB00655,6097458,
PKDB00682,2418304,
Gaudino1948,18884269,
Gyselynck1971,5126251,
Myers1980,6164815,
Odeh1993,8477557,
Schwartz1949,16695783,PMC439668
PKDB01078,31089971,
PKDB01079,10594869,
PKDB01006,16623021,
PKDB01080,17192769,
PKDB01070,36416673,PMC9683076
PKDB00089,10997932,
7983238,7983238,
PKDB00090,8819499,
10381807,10381807,
2902373,2902373,
2584298,2584298,
Chen1989ThesisChapter4,,
PKDB00091,2049245,PMC1368322
3358767,3358767,
PKDB00204,1782973,
9696456,9696456,
3741728,3741728,PMC1401076
3437070,3437070,
3335120,3335120,
PKDB00092,9403287,
PKDB00094,12194925,
PKDB00095,16819548,
PKDB00096,11550826,
PKDB00097,8934303,
9725479,9725479,
PKDB00098,19156643,
PKDB00100,9129563,
PKDB00102,8227477,
PKDB00103,19940985,
28063968,28063968,
9010701,9010701,
9728895,9728895,
7094509,7094509,
PKDB00105,2401756,
1623898,1623898,
PKDB00107,8706777,
PKDB00108,1804656,
8823235,8823235,
PKDB00109,1391681,
PKDB00110,23507688,
PKDB00111,24077935,
PKDB00113,2611086,PMC1380034
PKDB00112,2611085,PMC1380033
PKDB00114,1867958,PMC1368573
PKDB00115,1867957,PMC1368572
PKDB00117,9357098,
PKDB00116,10027657,
PKDB00972,31610099,
PKDB00973,35510948,PMC9321699
PKDB00984,17873238,
PKDB00985,29194698,
PKDB00989,16638738,
PKDB00991,38553322,
PKDB00993,19196845,
10486607,10486607,
PKDB00933,24470465,
PKDB00854,24788577,
PKDB00934,24739274,
PKDB00859,18559696,
PKDB00860,11799102,
PKDB00861,20413453,
PKDB00863,22124880,
PKDB00937,20496145,
PKDB00864,20179914,
PKDB00865,20400651,
PKDB00866,21204914,PMC3093077
PKDB00867,17118124,PMC1885182
PKDB00936,19035874,
PKDB00871,18786303,
881642,881642,
Baekdal2019,30945118,PMC6719321
Beermann1988,2844083,
Gautam1987,2892917,
PKDB00853,15497668,
Lees1988,2833920,PMC1386354
Millar1982,6289857,PMC1427629
Misaka2021,33048477,PMC7993260
Mojaverian1986,3014110,
Qin2007,17221934,
Qin2012,21932385,
PKDB00981,18368945,
1706800,1706800,
PKDB00982,16075412,
PKDB00804,6289858,PMC1427630
PKDB00978,19007490,
Baekdal2018,29693715,PMC6175428
Baekdal2018a,29897249,
PKDB00001,4029248,
PKDB00427,4027137,PMC1400629
PKDB00003,10073324,
PKDB00428,28155129,PMC5394143
PKDB00429,,
PKDB00430,15856409,
PKDB00431,13053413,
PKDB00432,8554942,PMC1365159
PKDB00004,17955229,
PKDB00005,1304170,
PKDB00007,2177401,
PKDB00434,16797457,
PKDB00435,6700656,
PKDB00009,17221922,
PKDB00436,25891161,
PKDB00011,14586387,
PKDB00012,2049248,PMC1368325
PKDB00210,6863577,
PKDB00378,3986081,PMC1463701
PKDB00437,14659985,
PKDB00438,7371698,
PKDB00439,7306430,PMC1401851
3365914,3365914,
PKDB00440,3741730,PMC1401080
PKDB00443,6135578,
PKDB00016,2920498,
PKDB00017,10942180,
PKDB00445,19534587,
PKDB00446,19215233,
PKDB00447,20484172,
PKDB00448,26862045,
PKDB00449,11907488,
PKDB00450,1033273,
PKDB00128,13475320,
PKDB00019,16236038,PMC1884944
PKDB00451,17443132,
PKDB00328,18076219,
PKDB00452,26599973,
PKDB00453,18157525,
PKDB00032,15289794,
PKDB00033,8485024,PMC1381556
PKDB00454,21591074,
PKDB00034,3802578,
PKDB00035,19307938,
PKDB00036,16198659,
PKDB00456,15974642,PMC1858666
PKDB00457,15900287,PMC1894911
PKDB00458,15359622,
PKDB00038,2853056,
PKDB00459,1613129,
PKDB00460,28875060,PMC5582588
PKDB00040,2729942,PMC172463
PKDB00461,2921843,
PKDB00598,25465228,
19395173,19395173,
PKDB00588,16249913,
PKDB00589,23394389,
PKDB00590,8830977,
PKDB00599,17652181,
PKDB00591,18362694,
10952478,10952478,
PKDB00592,15342614,
PKDB00600,27023460,
PKDB00593,7593709,
PKDB00594,22283559,
10579482,10579482,
PKDB00498,11829201,
10613613,10613613,
18183034,18183034,
12928596,12928596,
PKDB00595,20041473,
PKDB00291,19673928,
PKDB00288,19267775,
PKDB00300,,
PKDB00309,,
PKDB00320,3608350,
PKDB00316,8435379,
PKDB00312,3536530,
PKDB00287,,
PKDB00313,,
PKDB00293,20046786,PMC2792562
PKDB00301,11850698,
PKDB00297,7118326,
PKDB00302,3370062,
PKDB00315,3370063,
PKDB00289,2076715,
PKDB00275,29403968,PMC5762444
PKDB00501,32593714,
PKDB00387,1277728,
PKDB00389,13689739,
PKDB00390,13809697,PMC293343
PKDB00391,10773154,
PKDB00392,24834884,
PKDB00393,8602375,
PKDB00310,6507927,
PKDB00421,2206792,PMC1368232
PKDB00395,6822056,
PKDB00502,26186960,
PKDB00503,10896825,
PKDB00397,11169069,
PKDB00399,6629320,
PKDB00504,27863442,PMC5324621
PKDB00400,3816112,
PKDB00401,3396264,
PKDB00422,2246703,
PKDB00405,6071462,
PKDB00423,18594801,
PKDB00424,7261553,
PKDB00406,1208580,
PKDB00407,814028,
PKDB00409,9691928,PMC1727147
PKDB00412,16498606,
PKDB00415,11855925,
PKDB00505,27172450,
PKDB00425,973986,PMC1428933
PKDB00413,16544120,
PKDB00416,19208031,
PKDB00506,3613884,
PKDB00417,19561474,
PKDB00418,33052632,
PKDB00419,25581073,PMC4430775
PKDB00420,15013363,
PKDB00426,445957,
PKDB00968,39243911,
1484193,1484193,
8375123,8375123,
Baillie1989,2816559,
1474160,1474160,
2857025,2857025,
Bochner1999,,
Broomhead1997,,
Brunk1974,4843237,
Chapman1990,,
Ikekawa1969,5781407,
Kinzler2019,31278694,PMC6822839
Lotsch2002,12189362,
PKDB00101,1943064,
Villesen2006,Villesen2006,
Villesen2007,18473019,PMC2376067
17541571,17541571,
PKDB01044,36648126,
PKDB01047,26283739,
PKDB01050,20671294,
PKDB01053,33584289,PMC7878668
PKDB00336,4041343,PMC1400690
PKDB00334,44299,
PKDB00337,6106621,
PKDB00335,769632,
PKDB00333,18662285,PMC2561122
PKDB00332,3197746,
PKDB00529,24648255,
PKDB00530,3371390,
PKDB00531,12774293,
PKDB00532,16291718,
Fux2005,16198657,
PKDB00533,18834373,
PKDB00534,1094802,
PKDB00536,7144837,
PKDB00537,3371389,
PKDB00538,4155762,
PKDB00539,3371395,
PKDB00198,7075126,
PKDB00197,6897933,
PKDB00160,7104162,PMC1427583
PKDB00223,3271619,
PKDB00023,7320146,
PKDB00180,1633071,PMC1381380
PKDB00193,11196522,
PKDB00024,2306420,PMC1380095
PKDB00176,,
24517114,24517114,PMC3928318
Borin1989,,
PKDB00122,,
PKDB00262,7397068,PMC1429941
PKDB00025,9248766,
PKDB00145,8988067,
PKDB00026,21143403,
4851431,4851431,
PKDB00186,10395,
PKDB00195,6487489,PMC1463596
PKDB00027,15811172,
PKDB00170,940917,
PKDB00212,1487229,
PKDB00153,7161411,
PKDB00196,7056022,
PKDB00184,8853667,
10412886,10412886,
PKDB00155,499292,
PKDB00190,444368,
PKDB00121,23436315,PMC4383763
Gugilla2002,12142633,
PKDB00192,4722050,PMC1776534
PKDB00028,7579030,
PKDB00159,2865542,
PKDB00029,15127815,
PKDB00191,8448070,PMC1381492
PKDB00169,2257860,
PKDB00163,24668698,
PKDB00123,7696381,
PKDB00218,7263926,
PKDB00156,5572442,
4942784,4942784,
PKDB00154,21241071,
PKDB00213,1263112,
PKDB00119,4027126,PMC1463861
PKDB00140,6705446,
PKDB00161,3768250,PMC1401133
PKDB00130,3191934,
PKDB00158,6861437,
4850385,4850385,
PKDB00164,7397056,PMC1430020
PKDB00194,,
1577043,1577043,
PKDB00225,4694406,PMC1589913
PKDB00166,6728897,
PKDB00183,9516037,
PKDB00124,760753,PMC1429435
7002186,7002186,PMC1430174
PKDB00151,7306429,PMC1401868
PKDB00120,2744070,
PKDB00224,9114910,PMC1364644
PKDB00030,862649,
PKDB00144,22454936,PMC1402535
PKDB00031,1800709,
PKDB00177,10864349,
PKDB00167,,
Seideman1980,,
PKDB00021,17202677,
PKDB00182,22524979,
PKDB00168,,
Sommers1985,4018818,
PKDB00264,3679251,
PKDB00157,3220092,
PKDB00142,16169713,
PKDB00215,10893655,
PKDB00118,16842311,
PKDB00261,6529526,PMC1463700
PKDB00174,1233203,
3113968,3113968,
PKDB00148,22725836,PMC3579260
PKDB00162,582149,
PKDB00134,2285011,
PKDB00132,11427360,
Bathala2012,22936313,
PKDB00566,19280523,
PKDB00608,19401473,
PKDB00703,6117520,
PKDB00569,17466606,
PKDB00561,17468862,
PKDB00704,11270803,
PKDB00612,24472704,
PKDB00572,21312289,
PKDB00613,10096260,
PKDB00706,10783825,
PKDB00563,15903127,
PKDB00615,12587122,
PKDB00707,6688879,
PKDB00708,2565889,
PKDB00619,8527689,
PKDB00556,16713700,
PKDB00562,10945310,
PKDB00709,8710739,
PKDB00570,21943317,
PKDB00571,22983284,
PKDB00617,19845435,
PKDB01027,32647054,
PKDB01028,25115916,
PKDB01029,32471908,
PKDB01035,37329393,PMC10299984
PKDB00721,16908937,
PKDB00722,23562906,
PKDB00723,15870716,PMC2361774
PKDB00729,22006162,
PKDB00904,26775063,
PKDB00907,12369756,
PKDB00908,8902432,
PKDB00945,21704609,
PKDB00903,24962635,PMC4153964
PKDB00946,1111111111,
PKDB00905,27121788,
PKDB00947,28260863,PMC5330189
PKDB00948,21208246,
PKDB00949,2361988,
PKDB00950,20685507,
PKDB00906,12369757,
PKDB00951,17603225,
PKDB00952,12235454,
PKDB01022,8216442,
PKDB00043,8807660,
PKDB00385,3628469,
PKDB00044,3371873,
PKDB00463,3557314,
PKDB00137,24165884,
PKDB00046,10416066,
PKDB00469,15022032,
PKDB00470,28758694,PMC5698589
PKDB00471,28929443,PMC5854751
PKDB00047,3756065,PMC1401099
PKDB00049,17971810,
PKDB00474,2060878,PMC1378889
PKDB00475,7742721,
PKDB00052,2482799,
PKDB00476,18703023,PMC2597011
PKDB00477,3241301,
PKDB00053,7333346,
PKDB00054,22483397,
PKDB00055,14578861,
PKDB00057,7359014,
PKDB00478,20853468,
PKDB00058,21827488,
PKDB00479,,
PKDB00480,32071850,PMC7016269
PKDB00059,6420303,
PKDB00481,6734698,
PKDB00484,6712142,
PKDB00485,3356110,
PKDB00486,2713214,PMC1379781
PKDB00487,8602388,
PKDB00061,10471076,
PKDB00062,3480885,
PKDB00488,16158445,
PKDB00489,8441739,
PKDB00136,24389476,
PKDB00491,3986300,
PKDB00492,25853045,PMC4382505
PKDB00063,20002088,PMC2810805
PKDB00493,2185297,
PKDB00383,4079279,
PKDB00339,27100333,PMC4898153
PKDB00494,27273149,PMC5297975
PKDB00875,23670707,
PKDB00879,24726680,
PKDB00880,27140803,
PKDB00882,25407255,PMC4558628
PKDB00883,27136908,
PKDB00884,26687552,
PKDB00885,26280756,PMC4569680
PKDB00887,24568888,
PKDB00888,31384829,PMC6661773
PKDB00625,6631711,
PKDB00627,7586943,
PKDB00628,12883487,
PKDB00699,15255802,PMC1884585
PKDB00629,9597564,
PKDB00631,7910460,
PKDB00632,31363741,
PKDB00633,31222796,PMC6783597
PKDB00621,26680654,
PKDB00622,27670974,
PKDB00623,28983678,
PKDB00624,9542473,PMC2978967
13674517,13674517,
PKDB00756,21934629,
PKDB00757,465277,PMC1429665
PKDB00758,6873147,
2527546,2527546,PMC1379765
PKDB00759,6716243,
10701815,10701815,
PKDB00760,9737817,
32165665,32165665,PMC7067795
PKDB00573,10340911,
PKDB00574,20881950,
10510150,10510150,PMC2014340
PKDB00575,7423506,
PKDB00576,8841152,
PKDB00577,28512430,PMC5411458
PKDB00578,11214771,
PKDB00579,9840216,
PKDB00580,28271978,
9731719,9731719,
PKDB00499,20147896,PMC2882206
PKDB00496,28808886,PMC5599467
PKDB00596,,
PKDB00581,16930908,
PKDB00380,17532679,
PKDB00690,6407676,PMC1548155
PKDB00528,4029717,PMC1432870
13683228,13683228,
2079531,2079531,
PKDB00751,7062255,
PKDB00777,1932608,
PKDB00754,27137712,
PKDB00527,27517550,
PKDB00720,17203292,
PKDB00634,10832901,
PKDB00636,15841467,
PKDB00637,8120116,
PKDB00688,7625570,
PKDB00689,11804663,
PKDB00641,16397290,
PKDB00642,30916845,
PKDB00643,19326774,
PKDB00639,12534643,PMC1884181
PKDB00640,27300008,
PKDB00761,18333862,PMC2311411
PKDB00856,11762557,
PKDB00744,32297990,PMC7496689
PKDB00763,22133660,
PKDB00764,25319228,PMC4269819
PKDB00766,8737765,
PKDB00739,23512637,
PKDB00738,28087972,PMC5465324
PKDB00737,8448974,
PKDB00711,11510629,
PKDB00519,1499942,
PKDB00692,29492852,
PKDB00742,20363690,
PKDB00693,10930900,
PKDB00713,11214773,
PKDB00714,15578172,
PKDB00379,6468483,
PKDB00520,6428981,PMC1432608
PKDB00715,11465416,
PKDB00716,12132671,
PKDB00522,6832622,PMC1419951
PKDB00717,3742939,
PKDB00691,12895199,PMC1884281
PKDB00718,28378544,PMC5383603
PKDB00523,3880557,
PKDB00743,28649076,
PKDB00521,1458764,
PKDB00526,1527724,
PKDB00719,3460165,
PKDB00583,24151800,
PKDB00584,2015730,
8612385,8612385,
PKDB00585,21050887,
PKDB00586,8873685,
8741125,8741125,
PKDB00896,27495955,PMC5099554
PKDB00587,9429230,
32763846,32763846,
Harris1992,1327657,
Lundholm1963,32441889,PMC7306622
PKDB00900,28566743,PMC5451423
PKDB00901,32498113,
PKDB00944,34123370,PMC8167502
PKDB00916,23328275,
PKDB00915,23356556,
PKDB00996,33953542,PMC8089085
29655290,29655290,PMC6099360
PKDB00995,32799565,
23497760,23497760,
PKDB01002,24491572,
PKDB00938,23859534,
PKDB00940,26138865,
26051874,26051874,
PKDB00941,23149871,
PKDB00932,26101175,
8988072,8988072,
8690818,8690818,
10460065,10460065,
29403866,29403866,PMC5761050
8877677,8877677,
8568017,8568017,
28331967,28331967,
4127645,4127645,
4138107,4138107,
14982753,14982753,
6041196,6041196,
9439539,9439539,
4816891,4816891,
6368593,6368593,PMC425102
6141519,6141519,
4552828,4552828,
Cobelli1982,,
2691176,2691176,
4823929,4823929,
856672,856672,PMC1411287
659633,659633,PMC371754
371342,371342,
956401,956401,PMC333235
2721118,2721118,
31693916,31693916,
4430704,4430704,
1113681,1113681,
3514335,3514335,
8622603,8622603,
908472,908472,
1133173,1133173,PMC301883
11986393,11986393,PMC2290270
12540611,12540611,
19094067,19094067,
3722329,3722329,
12200754,12200754,
3971846,3971846,
3522621,3522621,
9792543,9792543,
1154379,1154379,
170711,170711,
9272591,9272591,
5957477,5957477,
1895958,1895958,
3519643,3519643,
18853232,18853232,
8852486,8852486,
3546378,3546378,PMC424197
11872673,11872673,
10444424,10444424,
4856884,4856884,PMC302637
1246330,1246330,
6280266,6280266,
1551497,1551497,
7009366,7009366,
12189441,12189441,
16702313,16702313,
833277,833277,PMC333360
4593614,4593614,
PKDB00087,3624411,
PKDB00811,34355621,PMC8354182
PKDB00748,9061473,
PKDB01061,9215971,
PKDB01069,,
PKDB01088,6757410,
PKDB00816,3297733,
PKDB01063,9498669,
PKDB00822,9696583,
PKDB01064,6803565,
PKDB00823,8910853,
PKDB01065,8681492,
PKDB01067,9368913,
PKDB01068,2077146,
PKDB00831,17145205,
PKDB00832,6324834,PMC1463370
PKDB00833,15862687,
PKDB00834,9803987,PMC1874154
PKDB00837,19559901,
PKDB00768,6289859,PMC1427615
PKDB00769,28894622,PMC5574226
PKDB00770,3034316,PMC1386089
PKDB00771,2154407,
PKDB00746,21341376,
PKDB00747,15556550,
PKDB00774,24721587,
PKDB00750,2468049,
PKDB00779,3004546,PMC1400811
PKDB00780,12772271,
PKDB00782,2998676,
PKDB00745,19046843,
PKDB00786,27129124,
PKDB00787,1310827,
PKDB00788,14520685,
PKDB00793,8839663,
PKDB00797,28639420,
PKDB00798,8582461,
PKDB00799,6097665,
PKDB00800,25919042,PMC4631185
PKDB00801,15797799,
PKDB00802,6091806,
PKDB00803,17244777,
PKDB00805,31411383,
PKDB00806,1312853,PMC1381301
12771613,12771613,
PKDB00807,1647954,
PKDB00809,8394796,
3356089,3356089,
PKDB00838,22823746,PMC3575942
PKDB00959,202293102002,
PKDB00970,202293102006,
PKDB00971,202293102007,
PKDB00840,23851069,
PKDB00893,23307267,PMC3687097
PKDB00913,31992459,
PKDB00842,21226818,
PKDB00843,21435141,
PKDB00925,22271159,
PKDB00845,23061428,
PKDB00926,29548719,
PKDB00927,37113469,PMC10128151
PKDB00928,37034122,PMC10079507
PKDB00846,19129748,
PKDB00847,27418571,
PKDB00849,30517974,
PKDB00850,30499157,PMC6590304
PKDB00851,23910664,
PVLDrugs,PVLDrugs,
PKDB00650,12058342,
PKDB00511,14579918,PMC6653833
PKDB00373,8138261,
PKDB00997,10404959,
PKDB00895,21841812,PMC4010224
PKDB00976,7685442,
PKDB00953,24218006,
PKDB00965,,
PKDB00909,19221727,
PKDB00919,33509019,
PKDB00920,18445991,
PKDB00912,19604036,
PKDB00922,8529329,
PKDB00921,1587065,
PKDB00911,8471405,PMC1381577
PKDB00961,14504849,
PKDB00910,18800456,
PKDB00890,25268802,PMC4182631
PKDB00897,11823761,
PKDB00891,25421015,PMC6680204
PKDB00898,33249530,
PKDB00966,,
