PMCID,TITLE,VAR_ANN,PKDB
PMC10038974,Prediction of CYP2D6 poor metabolizers by measurements of solanidine and metabolites—a study in 839 patients with known CYP2D6 genotype,yes,
PMC10085626,Novel and replicated clinical and genetic risk factors for toxicity from high-dose methotrexate in pediatric acute lymphoblastic leukemia,yes,
PMC10091789,Calcium‐channel blockers: Clinical outcome associations with reported pharmacogenetics variants in 32 000 patients,yes,
PMC10099095,Estimating the In Vivo Function of CYP2D6 Alleles through Population Pharmacokinetic Modeling of Brexpiprazole,yes,
PMC10139129,Genetic Polymorphisms of ENPP2 Are Possibly Associated with Pain Severity and Opioid Dose Requirements in Patients with Inflammatory Pain Conditions: Clinical Observation Study,yes,
PMC10145266,Pharmacokinetic Evaluation of Tacrolimus in Chinese Adult Patients during the Early Stages Post-Lung Transplantation,yes,
PMC10152845,Genetic Polymorphisms in ERCC1 Gene and Their Association with Response to Radiotherapy in Moroccan Patients with Nasopharyngeal Carcinoma,yes,
PMC10154044,Pharmacogenetics of tenofovir clearance among Southern Africans living with HIV,yes,
PMC10159199,Effect of ERCC1 polymorphisms on the response to platinum-based chemotherapy: A systematic review and meta-analysis based on Asian population,yes,
PMC10163902,MTHFR and MTRR Genetic Polymorphism of Methotrexate Therapy Outcomes in Early Rheumatoid Arthritis,yes,
PMC10179231,Genome-Wide Association Study Identifies Genetic Polymorphisms Associated with Estimated Minimum Effective Concentration of Fentanyl in Patients Undergoing Laparoscopic-Assisted Colectomy,yes,
PMC10196221,Genetic variants influenced the risk of bleeding and pharmacodynamics of rivaroxaban in patients with nonvalvular atrial fibrillation: A multicentre prospective cohort study,yes,
PMC10214567,Ivacaftor: Five‐year outcomes in the West of Scotland cystic fibrosis population,yes,
PMC10230242,Association between single nucleotide polymorphisms in DNA repair genes and the efficacy of radiotherapy in nasopharyngeal carcinoma patients,yes,
PMC10244018,Population Pharmacokinetic−Pharmacodynamic Modeling of Carvedilol to Evaluate the Effect of Cytochrome P450 2D6 Genotype on the Heart Rate Reduction,yes,
PMC10275785,Effect of NLRP3 inflammasome genes polymorphism on disease susceptibility and response to TNF-α inhibitors in Iraqi patients with rheumatoid arthritis,yes,
PMC10278212,"The Impact of Single Nucleotide Polymorphisms on the Pharmacokinetics of Tacrolimus in Kidney Allograft Recipients of Northern-West, Iran",yes,
PMC10298263,The Distribution of the Genotypes of ABCB1 and CES1 Polymorphisms in Kazakhstani Patients with Atrial Fibrillation Treated with DOAC,yes,
PMC10309098,Pharmacogenetic interactions of efavirenz or rifampin and isoniazid with levonorgestrel emergency contraception during treatment of HIV or tuberculosis,yes,
PMC10327396,"The impact of ABCB1, CYP3A4/5 and ABCG2 gene polymorphisms on rivaroxaban trough concentrations and bleeding events in patients with non-valvular atrial fibrillation",yes,
PMC10337687,Association Between Vitamin D Receptor Polymorphism and the Response to Helicobacter Pylori Treatment,yes,
PMC10349379,Genetic Factors Associated with Morphine Consumption in Women Undergoing Laparoscopic Cholecystectomy: A Prospective Cohort Study,yes,
PMC10349800,Correlation of N-acetyltransferase 2 genotype and acetylation status with plasma isoniazid concentration and its metabolic ratio in ethiopian tuberculosis patients,yes,
PMC10377184,"DRD2, DRD3, and HTR2A Single-Nucleotide Polymorphisms Involvement in High Treatment Resistance to Atypical Antipsychotic Drugs",yes,
PMC10381361,"Pilot Study: Personalized Medicine in Endoscopy, Can Pharmacogenomics Predict Response to Conscious Sedation?",yes,
PMC10409991,Effects of CYP3A4*22 polymorphism on trough concentration of tacrolimus in kidney transplantation: a systematic review and meta-analysis,yes,
PMC10418744,Personalized CFTR Modulator Therapy for G85E and N1303K Homozygous Patients with Cystic Fibrosis,yes,
PMC10452379,Novel Gene Polymorphisms for Stable Warfarin Dose in a Korean Population: Genome-Wide Association Study,yes,
PMC10463210,Pharmacogenetics of 6-mercaptopurine in a black Zimbabwean cohort treated for acute lymphoblastic leukaemia,yes,
PMC10478012,Implementation of Clinical Cytochrome P450 3A Genotyping for Tacrolimus Dosing in a Large Kidney Transplant Program,yes,
PMC10483403,Genetic polymorphisms are associated with individual susceptibility to dexmedetomidine,yes,
PMC10495004,Population pharmacokinetics of voriconazole and the role of CYP2C19 genotype on treatment optimization in pediatric patients,yes,
PMC10499425,Variant‐based heritability assessment of dexmedetomidine and fentanyl clearance in pediatric patients,yes,
PMC10501538,Genetic polymorphisms of microsomal epoxide hydrolase and UDP-glucuronosyltransferase (UGT) and its effects on plasma carbamazepine levels and metabolic ratio in persons with epilepsy of South India: A cross-sectional genetic association study,yes,
PMC10502099,Carriers of HLA-DRB1*04:05 have a better clinical response to abatacept in rheumatoid arthritis,yes,
PMC10526247,Polymorphisms in the Drug Transporter Gene ABCB1 Are Associated with Drug Response in Saudi Epileptic Pediatric Patients,yes,
PMC10527451,"Population Pharmacokinetics, Pharmacodynamics, and Pharmacogenetics Modeling of Oxypurinol in Hmong Adults with Gout and/or Hyperuricemia",yes,
PMC10529681,Pharmacogenetics and Pharmacokinetics of Tamoxifen in a Zimbabwean breast cancer cohort,yes,
PMC10532840,TNFα rs1800629 Polymorphism and Response to Anti-TNFα Treatment in Behçet Syndrome: Data from an Italian Cohort Study,yes,
PMC10532907,Pharmacogenetic Variants Associated with Fluoxetine Pharmacokinetics from a Bioequivalence Study in Healthy Subjects,yes,
PMC10537526,Evaluation of Pupillometry for CYP2D6 Phenotyping in Children Treated with Tramadol,yes,
PMC10557961,Influence of CYP450 Enzymes and ABCB1 Polymorphisms on Clopidogrel Response in Moroccan Patients with Acute Coronary Syndromes,yes,
PMC10565537,Effects of CYP3A4 and CYP2C9 genotype on systemic anastrozole and fulvestrant concentrations in SWOG S0226,yes,
PMC10566653,Correlation of pain perception and fentanyl consumption after major abdominal surgery with CGRP 4218T/C polymorphism: A prospective interventional study,yes,
PMC10582663,"Tacrolimus pharmacokinetics are influenced by CYP3A5, age, and concomitant fluconazole in pediatric kidney transplant patients",yes,
PMC10583240,Population pharmacokinetic analyses for belzutifan to inform dosing considerations and labeling,yes,
PMC10599059,"Association of DRD2, DRD4 and COMT genes variants and their gene-gene interactions with antipsychotic treatment response in patients with schizophrenia",yes,
PMC10607223,"Impact of Sex and Genetic Variation in Relevant Pharmacogenes on the Pharmacokinetics and Safety of Valsartan, Olmesartan and Hydrochlorothiazide",yes,
PMC10618485,Elexacaftor-Tezacaftor-Ivacaftor in 2 cystic fibrosis adults homozygous for M1101K with end-stage lung disease,yes,
PMC10645035,"Association of CYP3A5*3, CYP3A4*18 & CYP2B6*6 polymorphisms with imatinib treatment outcome in Azerbaijani chronic myeloid leukaemia patients",yes,
PMC10668244,Genotype-guided new approach for dose optimisation of hydroxychloroquine administration in Chinese patients with SLE,yes,
PMC10668502,Impact of IL6R genetic variants on treatment efficacy and toxicity response to sarilumab in rheumatoid arthritis,yes,
PMC10675244,A Physiologically Based Pharmacokinetic Approach to Recommend an Individual Dose of Tacrolimus in Adult Heart Transplant Recipients,yes,
PMC10675623,Association of ABCB1 Polymorphisms with Efficacy and Adverse Drug Reactions of Valproic Acid in Children with Epilepsy,yes,
PMC10684410,"A Phase I, Open-Label, Fixed Sequence Study to Investigate the Effect of Cytochrome P450 2D6 Inhibition on the Pharmacokinetics of Ulotaront in Healthy Subjects",yes,
PMC10747255,CYP3A5*3 and CYP3A4*22 Cluster Polymorphism Effects on LCP-Tac Tacrolimus Exposure: Population Pharmacokinetic Approach,yes,
PMC10758687,Dosing strategies for de novo once-daily extended release tacrolimus in kidney transplant recipients based on CYP3A5 genotype,yes,
PMC10769478,The role of IL10 and IL17 gene polymorphisms in treatment response in children and adolescents with severe asthma,yes,
PMC10778798,Serum Calretinin and Genetic Variability as a Prognostic and Predictive Factor in Malignant Mesothelioma,yes,
PMC10782740,"Risperidone plasma level, and its correlation with CYP2D6 gene polymorphism, clinical response and side effects in chronic schizophrenia patients",yes,
PMC10787143,Impact of CYP2D6 and CYP2B6 phenotypes on the response to tramadol in patients with acute post‐surgical pain,yes,
PMC10810687,Association of Pharmacogenetic Markers With Atazanavir Exposure in HIV-Infected Women,yes,
PMC10815823,SLCO1B1 Genetic Variation Influence on Atorvastatin Systemic Exposure in Pediatric Hypercholesterolemia,yes,
PMC10825484,The atorvastatin metabolite pattern in muscle tissue and blood plasma is associated with statin muscle side effects in patients with coronary heart disease; An exploratory case-control study,yes,
PMC10827494,"An increase in urinary primaquine and a reduction in urinary primaquine-5,6-orthoquinone in the Thai population with CYP2D6 reduced enzyme function",yes,
PMC10838100,Association of HTR1A Gene Polymorphisms with Efficacy and Plasma Concentrations of Atypical Antipsychotics in the Treatment of Male Patients with Schizophrenia,yes,
PMC10848431,Effects of CYP3A4*22 and POR*28 variations on the pharmacokinetics of tacrolimus in renal transplant recipients: a meta-analysis of 18 observational studies,yes,
PMC10858860,The effects of OPRM1 118A>G on methadone response in pain management in advanced cancer at end of life,yes,
PMC10864595,Optimizing the initial tacrolimus dosage in Chinese children with lung transplantation within normal hematocrit levels,yes,
PMC1087660,Should We Use N-Acetyltransferase Type 2 Genotyping To Personalize Isoniazid Doses?,yes,
PMC10876746,The impact of folate pathway variants on the outcome of methotrexate therapy in rheumatoid arthritis patients,yes,
PMC10880038,The effect of genetic variants in the transcription factor TSPYL family on the CYP3A4 mediated cyclosporine metabolism in kidney transplant patients,yes,
PMC10883345,Effect of the NFIB rs28379954 T>C polymorphism on CYP2D6‐catalyzed metabolism of solanidine,yes,
PMC10898793,Polymorphisms in the A118G SNP of the OPRM1 gene produce different experiences of opioids: A human laboratory phenotype–genotype assessment,yes,
PMC10908252,Methadone pharmacogenetics in vitro and in vivo: Metabolism by CYP2B6 polymorphic variants and genetic variability in pediatric disposition,yes,
PMC10909096,Association of Cytidine Deaminase Polymorphism with Capecitabine Effectiveness in Breast Cancer Patients,yes,
PMC10914946,Genetic Variants Associated With Response to Platinum-Based Chemotherapy in Non-Small Cell Lung Cancer Patients: A Field Synopsis and Meta‐Analysis,yes,
PMC10917709,Cytotoxic T lymphocyte‐associated antigen‐4 (CTLA-4) gene polymorphisms in a cohort of Egyptian patients with immune thrombocytopenia (ITP),yes,
PMC10931982,Comprehensive Assessment of CFTR Modulators’ Therapeutic Efficiency for N1303K Variant,yes,
PMC10951231,Individualized atomoxetine response and tolerability in children with ADHD receiving different dosage regimens: the need for CYP2D6 genotyping and therapeutic drug monitoring to dance together,yes,
PMC10957942,Association of HLA-DRB1 locus with treatment response to abatacept or TNF inhibitors in patients with seropositive rheumatoid arthritis,yes,
PMC10967865,Impact of Pharmacogenetic Testing on Clozapine Treatment Efficacy in Patients with Treatment-Resistant Schizophrenia,yes,
PMC10970167,PDE4 Gene Family Variants Are Associated with Response to Apremilast Treatment in Psoriasis,yes,
PMC10972729,The role of polymorphic cytochrome P450 gene (CYP2B6) in B-chronic lymphocytic leukemia (B-CLL) incidence and outcome among Egyptian patients,yes,
PMC10974048,Exploring Variability in Rifampicin Plasma Exposure and Development of Anti-Tuberculosis Drug-Induced Liver Injury among Patients with Pulmonary Tuberculosis from the Pharmacogenetic Perspective,yes,
PMC10982510,The frequency of NUDT15 rs116855232 and its impact on mercaptopurine-induced toxicity in Syrian children with acute lymphoblastic leukemia,yes,
PMC10990950,Effects of CYP2D6 gene polymorphism on plasma concentration and therapeutic effect of olanzapine,yes,
PMC10995391,"Effect of NAT2, GSTM1 and CYP2E1 genetic polymorphisms on plasma concentration of isoniazid and its metabolites in patients with tuberculosis, and the assessment of exposure-response relationships",yes,
PMC11000398,Association of CCND1 rs9344 polymorphism with lung cancer susceptibility and clinical outcomes: a case-control study,yes,
PMC11003701,Escitalopram and sertraline population pharmacokinetic analysis in pediatric patients,yes,
PMC11011338,Impact of STAT6 Variants on the Response to Proton Pump Inhibitors and Comorbidities in Patients with Eosinophilic Esophagitis,yes,
PMC11012255,Single Nucleotide Polymorphisms of CYP3A4 and CYP3A5 in Romanian Kidney Transplant Recipients: Effect on Tacrolimus Pharmacokinetics in a Single-Center Experience,yes,
PMC11016593,Effects of Genetic Polymorphisms of Drug Metabolizing Enzymes and co-Medications on Tamoxifen Metabolism in Black South African Women with Breast Cancer,yes,
PMC11022290,Influence of novel CYP2C‐haplotype on proton pump inhibitor pharmacokinetics in children,yes,
PMC11049768,The influence of COMT and ABCB1 gene polymorphisms on sufentanil analgesic effect for postoperative pain in children with fracture,yes,
PMC11049954,"Association of CYP3A4-392A/G, CYP3A5-6986A/G, and ABCB1-3435C/T Polymorphisms with Tacrolimus Dose, Serum Concentration, and Biochemical Parameters in Mexican Patients with Kidney Transplant",yes,
PMC11052159,"Association between Genetic Polymorphism of SCN1A, GABRA1 and ABCB1 and Drug Responsiveness in Vietnamese Epileptic Children",yes,
PMC11059713,Therapeutic efficacy of generic artemether–lumefantrine in the treatment of uncomplicated malaria in Ghana: assessing anti-malarial efficacy amidst pharmacogenetic variations,yes,
PMC11063049,Investigation of inherited noncoding genetic variation impacting the pharmacogenomics of childhood acute lymphoblastic leukemia treatment,yes,
PMC11082567,"The Association Between Clozapine Plasma Concentration, CYP2D6 (*10, *2) Polymorphisms and Risk of Adverse Reactions",yes,
PMC11088557,Impact of Viloxazine Extended-Release Capsules (Qelbree®) on Select Cytochrome P450 Enzyme Activity and Evaluation of CYP2D6 Genetic Polymorphisms on Viloxazine Pharmacokinetics,yes,
PMC11094496,Contribution of genetic polymorphism in ABCB1 to individual variations of imatinib plasma levels in patients with gastrointestinal stromal tumor,yes,
PMC11095822,An Unusual Presentation of Succinic Semialdehyde Dehydrogenase Deficiency: A Fatal Case of Severe Progressive Seizures in a Four-Month-Old Infant,yes,
PMC11102100,Evaluation of CYP2C19 Genetic Variant and Its Lack of Association with Valproic Acid Plasma Concentrations Among Zhuang and Han Schizophrenia Patients in Guangxi,yes,
PMC11102648,The pharmacokinetics and pharmacodynamics of ibogaine in opioid use disorder patients,yes,
PMC11106956,Population pharmacokinetics of primaquine and its metabolites in African males,yes,
PMC11111788,CYP2C19 and CYP2J2 genotypes predict praziquantel plasma exposure among Ethiopian school-aged children,yes,
PMC11120965,Impact of CYP2C19 Gene Variants on Long-Term Treatment with Atorvastatin in Patients with Acute Coronary Syndromes,yes,
PMC11134291,"Variability in plasma rifampicin concentrations and role of SLCO1B1, ABCB1, AADAC2 and CES2 genotypes in Ethiopian patients with tuberculosis",yes,
PMC11140026,Genetic determinants of serum bilirubin using inferred native American gene variants in Chilean adolescents,yes,
PMC11140815,Effect of apolipoprotein E (APOE) gene polymorphisms on the lipid profile of children being treated for acute lymphoblastic leukemia,yes,
PMC11141156,Dose adjustment of paroxetine based on CYP2D6 activity score inferred metabolizer status in Chinese Han patients with depressive or anxiety disorders: a prospective study and cross-ethnic meta-analysis,yes,
PMC11148365,Meta-analysis of the effects of CYP3A5*3 gene polymorphisms on tacrolimus blood concentration and effectiveness in Chinese patients with membranous nephropathy,yes,
PMC11152251,Effect of SCN1Aand SCN2A gene polymorphisms on the efficacy of valproic acid treatment in Chinese children with epilepsy,yes,
PMC11158323,"CYP2A6 and the plasma level of 5‐chloro‐2, 4‐dihydroxypyridine are determinants of the pharmacokinetic variability of tegafur and 5‐fluorouracil, respectively, in Japanese patients with cancer given S‐1",yes,
PMC11158672,Influence of ABCB1 and ABCG2 polymorphisms on doxorubicin disposition in Asian breast cancer patients,yes,
PMC11159193,Phase I study of irinotecan and doxifluridine for metastatic colorectal cancer focusing on the UGT1A1*28 polymorphism,yes,
PMC11160041,CBR1 and CBR3 pharmacogenetics and their influence on doxorubicin disposition in Asian breast cancer patients,yes,
PMC11203291,Prognostic Role of Human Leukocyte Antigen Alleles and Cytokine Single-Nucleotide Polymorphisms in Patients with Chronic Myeloid Leukemia Treated with Tyrosine Kinase Inhibitor Drugs,yes,
PMC11208962,A Nanopore Sequencing-based Pharmacogenomic Panel to Personalize Tuberculosis Drug Dosing,yes,
PMC11221861,ABCG2 polymorphism and rivaroxaban pharmacokinetics in healthy individuals after a single dose,yes,
PMC11236688,Case report: dose-dependent interaction between dexamethasone and voriconazole in severely ill patients with non-Hodgkin’s lymphoma being treated for invasive pulmonary aspergillosis,yes,
PMC11240873,Precision Dosing for Tacrolimus Using Genotypes and Clinical Factors in Kidney Transplant Recipients of European Ancestry,yes,
PMC11241034,"Exudative Age-Related Macular Degeneration: Association between Treatment Efficacy and Single-Nucleotide Variants in RAD51B, TRIB1, COL8A1, COL10A1, IL-9, IL-10, and VEGFA Genes",yes,
PMC11244643,ANO2 Genetic Variants and Anti-VEGF Treatment Response in Neovascular AMD: A Pharmacogenetic Substudy of VIEW 1 and VIEW 2,yes,
PMC11246114,"Association of SLC22A1, SLC47A1, and KCNJ11 polymorphisms with efficacy and safety of metformin and sulfonylurea combination therapy in Egyptian patients with type 2 diabetes",yes,
PMC11246689,Genetic variants of ABCB1 and CES1 genes on dabigatran metabolism in the Kazakh population,yes,
PMC11252221,Pharmacokinetics and safety of mavacamten in healthy Chinese participants with different CYP2C19 phenotypes,yes,
PMC11257390,UGT1A4*3 polymorphism influences serum concentration and therapeutic effect of lamotrigine for epilepsy treatment: A meta-analysis,yes,
PMC11257687,The Cytochrome P450 2C8*3 Variant (rs11572080) Is Associated with Improved Asthma Symptom Control in Children and Altered Lipid Mediator Production and Inflammatory Response in Human Bronchial Epithelial Cells,yes,
PMC11258238,Metabolic activity of CYP2C19 and CYP2D6 on antidepressant response from 13 clinical studies using genotype imputation: a meta-analysis,yes,
PMC11264771,"Effect of MDR1 C3435T and CYP2C19 genetic polymorphisms on the outcome of Helicobacter pylori eradication treatment in children with gastritis and peptic ulcer, Vietnam",yes,
PMC11269006,IL17RB genetic variants are associated with acamprosate treatment response in patients with alcohol use disorder: A proteomics-informed genomics study,yes,
PMC11269678,HLA-DQA1*05 correlates with increased risk of anti-drug antibody development and reduced response to infliximab in Chinese patients with Crohn’s disease,yes,
PMC11271148,The Influence of CYP2B6 Variants and Administration of Propofol on Patient Outcomes after Traumatic Brain Injury,yes,
PMC11310823,Pharmacogenetic Variants and Plasma Concentrations of Antiseizure Drugs: A Systematic Review and Meta-Analysis,yes,
PMC11314417,Allergic bronchopulmonary aspergillosis as an initial manifestation of cystic fibrosis: Diagnostic and therapeutic implications in the era of CFTR modulators,yes,
PMC11315837,A Semi-Mechanistic Population Pharmacokinetic Model of Noscapine in Healthy Subjects Considering Hepatic First-Pass Extraction and CYP2C9 Genotypes,yes,
PMC11317398,Genetic variability in the glucocorticoid pathway and treatment outcomes in hospitalized patients with COVID-19: a pilot study,yes,
PMC11347466,"Genetic variability of three common NK and γδ T cell receptor genes (FCγ3R, NCR3, and DNAM-1) and their role in Polish patients with rheumatoid arthritis and ankylosing spondylitis",yes,
PMC11354576,Pharmacogenetic Approach to Tramadol Use in the Arab Population,yes,
PMC11359404,"Genetic Variation in CYP2D6, UGT1A4, SLC6A2 and SLCO1B1 Alters the Pharmacokinetics and Safety of Mirabegron",yes,
PMC11393095,"Impact of CYP2D6*2, CYP2D6*35, rs5758550, and related haplotypes on risperidone clearance in vivo",yes,
PMC11401437,CFTR modulators response of S737F and T465N CFTR variants on patient-derived rectal organoids,yes,
PMC11404698,Impact of IL-6 and IL-10 genotypes on tacrolimus dose requirements in kidney transplant recipients: Monte Carlo analysis,yes,
PMC11418302,CYP2C19 genotype and sodium channel blockers in lacosamide-treated children with epilepsy: two major determinants of trough lacosamide concentration or clinical response,yes,
PMC11421434,Exploring Genetic Variants and Platinum Chemotherapy Response in Indonesian Non-Small Cell Lung Cancer Patients: Insights from ERCC2 rs13181,yes,
PMC11435314,"An Investigational Study on the Role of CYP2D6, CYP3A4 and UGTs Genetic Variation on Fesoterodine Pharmacokinetics in Young Healthy Volunteers",yes,
PMC11458732,Voriconazole therapeutic drug monitoring including analysis of CYP2C19 phenotype in immunocompromised pediatric patients with invasive fungal infections,yes,
PMC11475898,Early CYP3A5 Genotype-Based Adjustment of Tacrolimus Dosage Reduces Risk of De Novo Donor-Specific HLA Antibodies and Rejection among CYP3A5-Expressing Renal Transplant Patients,yes,
PMC11481807,Serotonin transporter 5-HTTLPR polymorphism and escitalopram treatment response in patients with major depressive disorder,yes,
PMC11507373,Analysis of ABCB1 Gene Polymorphisms and Their Impact on Tacrolimus Blood Levels in Kidney Transplant Recipients,yes,
PMC11508189,CYP3A4*1B but Not CYP3A5*3 as Determinant of Long-Term Tacrolimus Dose Requirements in Spanish Solid Organ Transplant Patients,yes,
PMC11509751,Bleeding Events Associated with Rivaroxaban Therapy in Naive Patients with Nonvalvular Atrial Fibrillation: A Longitudinal Study from a Genetic Perspective with INR Follow-Up,yes,
PMC11512548,Effect of donor GSTM3 rs7483 genetic variant on tacrolimus elimination in the early period after liver transplantation,yes,
PMC11520374,The association of gene polymorphisms of adenosine and dopamine receptors with the response to caffeine citrate treatment in infants with apnea of prematurity: a prospective nested case-control study,yes,
PMC11524821,Evaluation of the role of metabolizing enzymes and transporter variants in ezetimibe pharmacokinetics,yes,
PMC11528939,Unidentified CYP2D6 genotype does not affect pharmacological treatment for patients with first episode psychosis,yes,
PMC11531276,Pharmacogenomic Study of Selected Genes Affecting Amlodipine Blood Pressure Response in Patients with Hypertension,yes,
PMC11544447,Effect of A118G (rs1799971) single‐nucleotide polymorphism of the μ‐opioid receptor OPRM1 gene on intraoperative remifentanil requirements in Japanese women undergoing laparoscopic gynecological surgery,yes,
PMC11552228,CYP3A4*1B and CYP3A5*3 SNPs significantly impact the response of Egyptian candidates to high-intensity statin therapy to atorvastatin,yes,
PMC11558073,"The role of candidate pharmacogenetic variants in determining valproic acid efficacy, toxicity and concentrations in patients with epilepsy",yes,
PMC11573879,Population Pharmacokinetic Quantification of CYP2D6 Activity in Codeine Metabolism in Ambulatory Surgical Patients for Model-Informed Precision Dosing,yes,
PMC11584383,Plasma concentrations of venetoclax and Pharmacogenetics correlated with drug efficacy in treatment naive leukemia patients: a retrospective study,yes,
PMC11603417,Novel genomic variants influencing methotrexate delayed clearance in pediatric patients with acute lymphoblastic leukemia,yes,
PMC11605493,Genetic polymorphisms to identify patients with an optimal response to tildrakizumab in psoriasis patients from real‐life clinical practice,yes,
PMC11608742,Effects of genetic variants of organic cation transporters on metformin response in newly diagnosed patients with type 2 diabetes,yes,
PMC11628867,Correlation of the DRD2 gene polymorphism with psychopathology and predictive antimanic responses in patients with bipolar mania,yes,
PMC11638344,Effect of SLC22A1 polymorphism on the pharmacokinetics of proguanil in Korean: A semi‐physiologic population pharmacokinetic approach,yes,
PMC11652804,Sex‐Dependent Effects of CYP2D6 on the Pharmacokinetics of Berberine in Humans,yes,
PMC11666798,Influence of CYP2C8*3 and ABCG2 C421A genetic polymorphisms on trough concentration and molecular response of imatinib in Egyptian patients with chronic myeloid leukemia,yes,
PMC11667419,Dual single‑nucleotide polymorphism biomarker combination for opioid selection to treat cancer pain,yes,
PMC11668066,Associations Between the Polymorphisms in the Coding Sequence of SLCO1B1 and Blood Lipid Levels Before and After Treatment by Atorvastatin in the Chinese Han Adults with Dyslipidemia,yes,
PMC11672886,Successful Therapy over 12 Months of People with Cystic Fibrosis with Rare Non-phe508del Cystic Fibrosis Transmembrane Conductance Regulator (CFTR) Mutations with Elexacaftor/Tezacaftor/Ivacaftor (ETI),yes,
PMC11677811,Pharmacogenetics of Neoadjuvant MAP Chemotherapy in Localized Osteosarcoma: A Study Based on Data from the GEIS-33 Protocol,yes,
PMC11685162,RAD51 and RAD50 genetic polymorphisms from homologous recombination repair pathway are associated with disease outcomes and organ toxicities in AML,yes,
PMC11703419,PPARA variant rs1800234 had a dose dependent pharmacogenetics impact on the therapeutic response to chiglitazar,yes,
PMC11703455,Impact of genetic variants on fentanyl metabolism in major breast surgery patients: a candidate gene association study,yes,
PMC11717999,Influence of ABCB1 polymorphisms on aripiprazole and dehydroaripiprazole plasma concentrations,yes,
PMC11720188,"Effect of Genetic Variants on Rosuvastatin Pharmacokinetics in Healthy Volunteers: Involvement of ABCG2, SLCO1B1 and NAT2",yes,
PMC11730665,"Comparative efficacy and safety of sitagliptin or gliclazide combined with metformin in treatment-naive patients with type 2 diabetes: A single-center, prospective, randomized, controlled, noninferiority study with genetic polymorphism analysis",yes,
PMC11754044,UGT2B15 single nucleotide polymorphism reduces dabigatran acylglucuronide formation in humans,yes,
PMC11755583,ABCB1 Polymorphism Is Associated with Higher Carbamazepine Clearance in Children,yes,
PMC11758033,"Sodium channel mutation SCN1A T875M, D188V and associated dysfunction with drug resistant epilepsy",yes,
PMC11763628,Phase II Study of Nanoliposomal Irinotecan (Nal-IRI) with 5-Fluorouracil and Leucovorin in Refractory Advanced High-Grade Neuroendocrine Cancer of Gastroenteropancreatic (GEP) or Unknown Origin,yes,
PMC11773116,Exploring the contribution of genetic variants to high sunitinib exposure in patients with cancer,yes,
PMC11773121,Sub‐ and supratherapeutic efavirenz plasma concentrations with risk for HIV therapy failure are mainly genetically explained in Ugandan children: The prospective GENEFA cohort study,yes,
PMC11786019,The Role of Candidate Polymorphisms in Drug Transporter Genes on High‐Dose Methotrexate in the Consolidation Phase of the AIEOP‐BFM ALL 2009 Protocol,yes,
PMC11787782,Pharmacodynamic Modeling of Warfarin Dosing Algorithm for Cardiovascular Patients in Indonesia: A Tailored Method to Anticoagulation Therapy,yes,
PMC11803932,Drug response is related to NR3C1 and FAAH polymorphism in Chinese pediatric epilepsy patients,yes,
PMC11809887,PCK1 and SLC22A2 gene variants associated with response to metformin treatment in type 2 diabetes,yes,
PMC11824232,Pharmacogenetic assessment of clinical outcome in patients with metastatic breast cancer treated with docetaxel plus capecitabine,yes,
PMC11825576,Pharmacogenetics of opioid medications for relief of labor pain and post-cesarean pain: a systematic review and meta-analysis,yes,
PMC11828173,Thymidylate synthase germline polymorphisms in rectal cancer patients treated with neoadjuvant chemoradiotherapy based on 5-fluorouracil,yes,
PMC11850035,Analgesic therapy failure in a COMT HPS/HPS diplotype carrier heterozygous for the CYP2D6 *4 allele with fibromyalgia—a case report,yes,
PMC11852071,Pharmacogenetics and Pharmacokinetics of Moxifloxacin in MDR-TB Patients in Indonesia: Analysis for ABCB1 and SLCO1B1,yes,
PMC11855146,Genetic Variants of SLC22A1 rs628031 and rs622342 and Glycemic Control in T2DM Patients from Northern Mexico,yes,
PMC11860030,Impact of Genetic Variants on Pregabalin Pharmacokinetics and Safety,yes,
PMC11862786,Population pharmacokinetics of tacrolimus whole blood and peripheral blood mononuclear cell concentrations in stable kidney‐transplanted patients,yes,
PMC11871410,Updated Analysis of the Pharmacogenomics of Pediatric Bronchodilator Response,yes,
PMC11884701,Predictors of clozapine concentration and psychiatric symptoms in patients with schizophrenia,yes,
PMC11887086,Valproic acid levels in neurodevelopmental disorders: correlation with CYP and SULT genes using LC-MS/MS,yes,
PMC11887348,CYP2D6 polymorphisms and endoxifen concentration in Chinese patients with breast cancer,yes,
PMC11891766,Association of NR1I2 Polymorphism with Midazolam Clearance in Mechanically Ventilated ICU Patients: A Population Pharmacokinetic and Pharmacogenetic Study,yes,
PMC11913886,Pharmacokinetic Profiles of Lansoprazole in Patients With Morbid Obesity Post‐Roux‐en‐Y Gastric Bypass Surgery,yes,
PMC11921366,Novel LZTR1 germline mutation as a mechanism of resistance to osimertinib in EGFR-mutated lung adenocarcinoma: a case report,yes,
PMC11933031,Effect of CYP3A5 genotypes on pharmacokinetic of tacrolimus in colombian liver transplant patients,yes,
PMC11943653,CYP2D6 Genotyping for Optimization of Tamoxifen Therapy in Indonesian Women with ER+ Breast Cancer,yes,
PMC11944811,Pharmacogenetic Influences on Individual Responses to Ocular Hypotensive Agents in Glaucoma Patients,yes,
PMC11949125,CYP3A Genotype Is Associated With Variability in the Exposure and Clearance of the Novel Oncogenic Transcription Inhibitor Lurbinectedin,yes,
PMC11962430,Impact of CYP3A4 and ABCB1 genetic variants on tacrolimus dosing in Greek kidney transplant recipients,yes,
PMC11965123,The interaction between a leflunomide-response methylation site (cg17330251) and variant (rs705379) on response to leflunomide in patients with rheumatoid arthritis,yes,
PMC11971150,Advancing inclusive healthcare through PBPK modelling: predicting the impact of CYP genotypes and enzyme ontogenies on infant exposures of venlafaxine and its active metabolite O-desmethylvenlafaxine in lactation,yes,
PMC11986373,Influence of the ABCB1-rs1045642 gene polymorphism on blood drug concentration in voriconazole-treated patients with severe invasive fungal infection,yes,
PMC11995662,Clinical actionability of the NUDT15 *4 (p.R139H) allele and its association with Hispanic ethnicity,yes,
PMC12003916,Variability in Response to Valsartan and Its Relationship With AGT M235T Genotype and Other Nongenetic Parameters Among a Sample of Hypertensive Individuals in Jordan: A Prospective Pilot Study,yes,
PMC12010784,Gene polymorphism Mu opioid receptor & its impact on naltrexone treatment response in alcohol-dependent individuals: A pilot study from north India,yes,
PMC12023276,Pharmacogenetics polygenic response score predicts outcomes in aspirin-treated stroke patients,yes,
PMC12038368,Impacts of Pharmacokinetic Gene Polymorphisms on Steady‐State Plasma Concentrations of Simvastatin in Thai Population,yes,
PMC12043259,Pharmacogenetics of plasma dolutegravir exposure during 1-month rifapentine/isoniazid treatment of latent tuberculosis,yes,
PMC12043472,Correlation between gene polymorphisms and perioperative analgesia in patients undergoing gynecological surgery,yes,
PMC12061382,Gene Polymorphisms Play an Important Role in the Drug Interaction Between Posaconazole and Tacrolimus in Renal Transplant Patients,yes,
PMC12069994,Effect of ABCB1 SNP polymorphisms on the plasma concentrations and clinical outcomes of rivaroxaban in Chinese NVAF patients: a population pharmacokinetic-based study,yes,
PMC12071444,Genetic Variants of the ATIC Gene and Therapeutic Response to Methotrexate in Patients with Rheumatoid Arthritis,yes,
PMC12075942,"The impact of CYP2C9, VKORC1, and CYP4F2 polymorphisms on warfarin dose requirement in Saudi patients",yes,
PMC12080024,NR3C1 variants and glucocorticoid response in childhood nephrotic syndrome in North India,yes,
PMC12080641,"Sociodemographic, clinical, and genetic factors associated with self-reported antidepressant response outcomes in the UK Biobank",yes,
PMC12104603,Excellent survival benefit achieved in patients with advanced-stage non-small cell lung cancer harboring the epidermal growth factor receptor-G719X mutation treated by afatinib: the real-world data from a multicenter study in Vietnam,yes,
PMC12107630,Impact of CYP3A5 1* and 3* single nucleotide variants on tacrolimus pharmacokinetics and graft rejection risk in pediatric kidney transplant patients,yes,
PMC12114030,Plasma Metabolic Outliers Identified in Estonian Human Knockouts,yes,
PMC12131839,Population pharmacokinetics and pharmacogenomics of edoxaban in Japanese adults with atrial fibrillation,yes,
PMC12134019,Genetic variants in tamoxifen metabolism and early treatment discontinuation among premenopausal breast cancer patients,yes,
PMC12146598,Impact of Xmn1 polymorphism on hydroxyurea therapy in children with HbE-β non-transfusion dependent thalassemia: a cohort study,yes,
PMC12166262,Improved Prediction of CYP2D6 Catalyzed Drug Metabolism by Taking Variant Substrate Specificities and Novel Polymorphic Haplotypes into Account,yes,
PMC12167464,CYP2D6 Activity in Patients with Metastatic Breast Cancer Treated with Single Agent Tamoxifen: Results from ECOG-ACRIN E3108,yes,
PMC12171201,IFN-γ gene polymorphisms +874 T/A and +2109 A/G are associated with the serofast state after early syphilis treatment: a prospective observational study,yes,
PMC12187529,Exploring the Influence of Obesity and CYP2C19 Genotype on Lansoprazole Pharmacokinetics in Pediatric Patients: A Population Modeling Approach,yes,
PMC12191206,Analysis of Tacrolimus Clearance in Patients with Kidney Transplants from Romania,yes,
PMC12191353,The Role of Gene–Gene Interaction Between ADRA2A and SLC6A2 Polymorphisms in Attention System and Treatment Outcomes for Children with ADHD,yes,
PMC12196290,Investigation of the ABCB1 Gene Polymorphism and Food Effects on the Avatrombopag Pharmacokinetics in Chinese Individuals: A Population Pharmacokinetic/Pharmacodynamic Analysis,yes,
PMC12198743,"Association of ABCB1, μ-opioid Receptor, and Cytochrome P450 Genes with Methadone Dose in Iranian Male Addicts Under Methadone Therapy",yes,
PMC12220787,Effect of CYP2D6 and ABCB1 polymorphisms on pharmacokinetics and efficacy of aripiprazole in pediatric tic disorders,yes,
PMC12223032,Donor and recipient genetic variants in drug metabolizing enzymes and transporters affect early tacrolimus pharmacokinetics after liver transplantation,yes,
PMC12227894,Pharmacokinetic Variability of Amlodipine Serum Concentration and Effect on Blood Pressure in Patients Treated for Hypertension,yes,
PMC12229112,Association of Genetic Variants With Rivaroxaban Pharmacokinetics and Pharmacodynamics and Hemorrhage Risk Factors in Patients With Venous Thromboembolism,yes,
PMC12233936,OPRM1 rs1799971 Polymorphism Predicts Differential Response to Extended-Release Naltrexone in Alcohol Use Disorder: The Interplay of Genetics and Motivation,yes,
PMC12245365,Precision therapeutic opioid dosing implications from genetic biomarkers and craving score,yes,
PMC12245479,The Impact of the Rs1044457 Polymorphism in the CMPK1 Gene on the Response Rate to Gemcitabine‐Based Chemotherapy in Metastatic NSCLC Patients,yes,
PMC12254679,Predicting resistance to biological therapy using human leukocyte antigen genes in patients with inflammatory bowel disease,yes,
PMC12259257,The NUDIX hydrolase NUDT5 regulates thiopurine metabolism and cytotoxicity,yes,
PMC12260092,Multi-ancestry genome-wide association meta-analysis of buprenorphine treatment response,yes,
PMC12260932,Azathioprine Metabolites in Erythrocytes and DNA for Therapy Monitoring in Very Early Onset Inflammatory Bowel Disease Pediatric Patients,yes,
PMC12277154,Genetic variability in sodium-glucose cotransporter 2 and glucagon-like peptide 1 receptor effect on glycemic and pressure control in type 2 diabetes patients treated with SGLT2 inhibitors and GLP-1RA in the everyday clinical practice,yes,
PMC12287053,Case Report: I want more olanzapine: pharmacogenetic insights into a patient's preference for high-dose olanzapine,yes,
PMC12300161,Population Pharmacokinetics and Model-Informed Precision Dosing of Clobazam Based on the Developmental and Genetic Characteristics of Children with Epilepsy,yes,
PMC12308912,Influence of pharmacokinetics‐related gene polymorphisms on plasma levels of clozapine and its metabolites in Japanese patients with schizophrenia,yes,
PMC12316228,"CYP2B6*6 single nucleotide polymorphism among patients with uncomplicated malaria in Adjumani district, Uganda: Implications on efficacy of artemether-lumefantrine",yes,
PMC12319242,Clinical significance and gene prediction of a novel classification system based on tacrolimus concentration-to-dose ratio in the early post-liver transplant period,yes,
PMC12342004,Mathematical modeling of pharmacokinetics and pharmacodynamics of losartan in relation to CYP2C9 allele variants,yes,
PMC12349936,Impact of Pharmacogenetics on Pharmacokinetics of First-Line Antituberculosis Drugs in the HIRIF Trial,yes,
PMC12370162,Population Pharmacokinetic-Pharmacogenetic (PopPK-PGx) Model of Efavirenz in HIV-1-Infected Patients,yes,
PMC1237155,"A Prospective, Randomized Pilot Trial of Model-Based Warfarin Dose Initiation using CYP2C9 Genotype and Clinical Data",yes,
PMC12376158,Investigating the role of genetic variations of ABCB1 (rs1045642) and CYP7A1 (rs3808607) genes on serum lipid level among Malaysian male patients treated with atorvastatin,yes,
PMC12378818,Impact of CYP3A4 and CYP3A5 polymorphisms on tacrolimus dose requirements in Saudi kidney transplant patients,yes,
PMC12387821,"Genetic Modulation of Silodosin Exposure and Efficacy: The Role of CYP3A4, CYP3A5, and UGT2B7 Polymorphisms in Benign Prostatic Hyperplasia Management",yes,
PMC12396951,Recipient Versus Donor CYP3A4/5 Genotypes in Adult Liver Transplant Recipients to Achieve Therapeutic Tacrolimus Concentrations Early Post‐Transplant,yes,
PMC12401121,Influence of ADRB2 variants on bronchodilator response and asthma control in a mixed population,yes,
PMC12405907,Impact of the transcription factor nuclear factor 1 B T>C polymorphism on clozapine metabolism in vivo and expression of intestinal transporters in vitro,yes,
PMC12414073,A Population Pharmacokinetic Model and Dosing Algorithm to Guide the Tacrolimus Starting and Follow-Up Dose in Living and Deceased Donor Kidney Transplant Recipients,yes,
PMC12418867,Elexacaftor-tezacaftor-ivacaftor in people with cystic fibrosis harbouring two CFTR Class I variants: real-world data from the French compassionate programme,yes,
PMC12427442,Refining tacrolimus dosing through CYP3A5 pharmacogenetics in Taiwanese renal transplant recipients,yes,
PMC12439663,CYP3A5基因多态性对狼疮肾炎患者他克莫司血药浓度的影响及与预后的关系,yes,
PMC12441883,Genetic variability of HIF1A and response to treatment with cisplatin in combination with pemetrexed or gemcitabine in patients with malignant mesothelioma,yes,
PMC12444925,Genetic variations in CYP2A6 predict efficacy of neoadjuvant letrozole concurrent with chemotherapy in locally advanced hormone receptor-positive breast cancer,yes,
PMC12458423,"Association of GSTT1, GSTM1, and NQO1 Gene Polymorphisms With Susceptibility, Clinical Severity, and Treatment Response in Aplastic Anemia",yes,
PMC12467674,Personalized Response to Empagliflozin in Heart Failure: Association of BDNF and ATP2A2 Variants in a South Asian Cohort,yes,
PMC12472897,Association of ABCG2 Polymorphisms with Methotrexate Efficacy and Toxicity in Saudi Rheumatoid Arthritis Patients,yes,
PMC12496473,"Impact of CYP1A, CYP2C19, CYP2D6, CYP3A4, CYP3A5, and NFIB genotypes on clozapine serum concentration in smokers and nonsmokers",yes,
PMC12505756,Association of CYP3A5 rs15524 and CYP3A7 rs776744 polymorphisms on tac IPV and clinical outcomes in early post-heart transplantation,yes,
PMC12511196,Impact of CYP2D6 genotype on fluoxetine exposure and treatment switch in adults and children/adolescents,yes,
PMC1251635,A C1173T Dimorphism in the VKORC1 Gene Determines Coumarin Sensitivity and Bleeding Risk,yes,
PMC12542493,The role of ABCB1 and CES1 genotypes on the efficacy and safety of dabigatran: a systematic review and meta-analysis,yes,
PMC12552505,"Meta-analyses of clozapine, norclozapine levels and their ratio across three genome wide association studies",yes,
PMC12558374,Cytochrome P450 2D6 *17 and *29 Allele Activity for Risperidone Metabolism: Advancing Precision Medicine Health Equity,yes,
PMC12563760,"TPMT and HLA-DQ Allelic Variants in Relation to Drug Response, Safety and Need for Therapy Optimization in Pediatric Inflammatory Bowel Disease",yes,
PMC12564353,SUMF1 Common Variant rs793391 Is Associated with Response to Inhaled Corticosteroids in Patients with COPD,yes,
PMC12580495,Transcription factors of the Nuclear Factor I (NFI) family control hepatocyte differentiation and cytochrome P450 activity in human liver,yes,
PMC12588057,Association of CYP2B6 and OPRM1 Genotypes with Methadone Dose Requirements and Serum Concentrations in a Vietnamese Cohorts,yes,
PMC12592258,Optimizing lazertinib therapy through GSTM1 genotyping: a strategy to reduce excess drug exposure and potential toxicity,yes,
PMC12620305,Hidden in Plain Sight: High Tacrolimus Metabolism Doubles Kidney Transplant Failure and Drives Infection Related Mortality,yes,
PMC12627540,Influence of xanthine oxidase and inosine monophosphate dehydrogenase polymorphisms on 6-mercaptopurine treatment response in pediatric acute lymphoblastic leukemia,yes,
PMC12649294,From Genotype to Therapeutic Monitoring: Enhancing Tamoxifen Efficacy in Breast Cancer Treatment,yes,
PMC12653636,Retrospective Evaluation of the Impact of SLCO1B1 Variation on Statin Effectiveness,yes,
PMC12655527,An Investigational Study on the Role of ADME Agents’ Genetic Variation on DD217 Pharmacokinetics and Safety Profile,yes,
PMC12655601,"The Association Between Genetic Polymorphisms of UGT1A1, ABCG2, and NR1I2 and Dolutegravir Pharmacokinetic Parameters in Thai People Living with HIV",yes,
PMC12655608,"Influence of CYP2D6, CYP3A, and ABCG2 Genetic Polymorphisms on Ibrutinib Disposition in Chinese Healthy Subjects",yes,
PMC12675590,"Association of DPYD rs4294451, plasma uracil concentration, and sex with 5-fluorouracil exposure in patients with gastrointestinal cancer",yes,
PMC12676671,Theratyping as a tool to guide clinical decision-making in patients with suspected cystic fibrosis and variants currently ineligible for CFTR modulator therapy,yes,
PMC12680674,Population pharmacokinetic characteristics of tacrolimus in Chinese lung transplant recipients and optimisation of dosing regimen during the early post-transplantation phase,yes,
PMC12701419,HLA-DQA1*05:01 and DQA1*05:05 inform choice of anti-tumor necrosis factor and concomitant use of immunomodulators in patients with inflammatory bowel disease,yes,
PMC12741916,Genotype–Specific Safety and Pharmacokinetics of Cannabidiol in Healthy Volunteers,yes,
PMC12746518,Unraveling Novel Genetic Determinants of Thiopurine Response Via TWAS,yes,
PMC12767469,Highly Effective Modulator Therapy in Cystic Fibrosis: Addressing Unusual Variants in the Middle East,yes,
PMC12818952,Increased Plasma Concentrations of 6-oxo-Methylphenidate in CES1 G134E Carriers Following a Single Oral Dose of Methylphenidate,yes,
PMC12824591,Intrinsic Factors Influencing Simvastatin and Simvastatin Acid Pharmacokinetics: Age‐Related Studies in Thai Adults and Cross‐Population Comparisons,yes,
PMC12838823,Impact of SLCO1B1 Polymorphism and Vitamin D Status on Statin Efficacy and Tolerability in Postmenopausal Women,yes,
PMC12842244,Evaluation of CYP2C8 and CYP2C9 Polymorphisms in Neonates with Patent Ductus Arteriosus Treated with Ibuprofen or Indomethacin: A Retrospective Cohort Study,yes,
PMC12845259,"Pharmacogenomics of CYP2D6, CYP2C19, CYP2C9, and Clinical Determinants of Fluoxetine–Norfluoxetine Pharmacokinetics in Real-World Clinical Conditions",yes,
PMC12867320,Frequency of thiopurine methyltransferase variants and exploratory predictors of azathioprine-induced leukopenia in Saudi patients with inflammatory bowel disease,yes,
PMC12872032,Steroid–tacrolimus drug–drug interaction and the effect of CYP3A genotypes,yes,
PMC12916320,"Dietary caffeine to assess CYP1A2 activity, tailor clozapine doses, and predict treatment response: genetic, epigenetic and clinical analyses",yes,
PMC12917768,Physiologically Based Pharmacokinetic Model to Assess the Drug-Drug-Gene Interaction Potential of Belzutifan in Combination With Cyclin-Dependent Kinase 4/6 Inhibitors,yes,
PMC12944365,"Influence of CYP2D6, CYP2C19, and CYP2C9 Pharmacogenetics and Clinical Factors on Dose-Normalized Venlafaxine/O-Desmethylvenlafaxine Metabolic Ratio in Spanish Patients",yes,
PMC12954561,"Effect of the Arg16Gly β2‐Adrenergic Receptor Polymorphism on Long‐Term Mepolizumab Response and Clinical Remission in Severe Eosinophilic Asthma: A Genotype‐Stratified, Multicenter Study",yes,
PMC12989821,Sertraline safety in adolescents experiencing a depressive episode during first 3 weeks: added anxiolytic matters more than CYP2C19 polymorphisms,yes,
PMC12990272,Genetic and clinical determinants of tacrolimus accumulation in early liver transplantation: evidence for a combined genotype-antibiotic effect,yes,
PMC12997497,Lower Dose‐Normalized Tacrolimus Exposure in CYP3A5*6 vs. *3 Loss‐of‐Function Allele Carriers: A Longitudinal Retrospective Real‐World Study in Kidney Transplant Recipients,yes,
PMC13018124,Gabapentin CNS exposure and analgesic response are modulated by OCT2 genotype in patients with chronic neuropathic pain,yes,
PMC13021033,"MTX pathway gene variants, erythrocyte methotrexate polyglutamates, and treatment outcomes in rheumatoid arthritis",yes,
PMC13031194,Role of Pharmacogenetics on Tramadol Pharmacokinetics: A Population Pharmacokinetic Model,yes,
PMC13041349,Effects of CYP1A2 genetic polymorphisms on the pharmacokinetics of pentoxifylline and its active metabolites,yes,
PMC13050909,"Case Report: Pediatric isavuconazole supratherapeutic exposure: a case of long-term use, CYP3A5 poor metabolizer genotype and concomitant CYP3A4 medications",yes,
PMC13067636,Genetic predictors of lithium response in an ethiopian cohort of patients with bipolar disorder,yes,
PMC13072570,Type 2 diabetes risk alleles in peptidyl-glycine alpha-amidating monooxygenase influence GLP-1 levels and response to GLP-1 receptor agonists,yes,
PMC13083763,Early Erythrocyte Methotrexate Polyglutamate-4 Predicts Treatment Response and Is Influenced by GGH 401C>T Genotype in Patients with Rheumatoid Arthritis,yes,
PMC13086501,Impact of CFTR Modulator Concentrations on Clinical Response in Cystic Fibrosis,yes,
PMC13087309,Pharmacogenetics of RAS-affecting AGT and ACE variants and the efficacy of Valsartan/HCTZ therapy,yes,
PMC13091438,Pharmacological boosting of azacitidine/venetoclax in acute myeloid leukemia,yes,
PMC13093447,Impact of CYP2D6 Metabolizer Status on Ondansetron Efficacy in Early Pregnancy Induced Nausea and Vomiting: A Case Control Study,yes,
PMC13093649,Impact of CYP2D6 Genotype and Inhibitor Use on Risperidone Metabolism in Children: Functional Insights Into the *17 and *29 Alleles,yes,
PMC13107228,Vitamin D Receptor Polymorphisms and the Effect of Vitamin D Supplementation on Diabetes Risk Among Adults With Prediabetes,yes,
PMC13108523,Warfarin Dosing in Patients With CYP2C9*5 Variant Alleles,yes,
PMC13121062,Pharmacogenomics of direct oral anticoagulants: a systematic review and meta-analysis,yes,
PMC13142728,Pharmacokinetic Drug–Drug Interactions of DA-8010 with Clarithromycin or Rifampicin: Influence of CYP2D6 Phenotype on the Extent of These Interactions,yes,
PMC13143807,FTO rs7195994 Is associated with TNF inhibitor response in lean rheumatoid arthritis patients: A BMI-stratified pharmacogenetic analysis,yes,
PMC13153100,Efavirenz metabolism and CNS toxicity in Ugandan children: impact of CYP2B6 genotype and plasma metabolite profiles,yes,
PMC13159003,Off-label treatment with elexacaftor/tezacaftor/ivacaftor in people with cystic fibrosis: real-world evidence from the German CF Registry,yes,
PMC13160929,Effect of Individual and Combined Cytochrome P450 Activity Scores on Symptom Improvement and Side Effects in Youth Treated With Sertraline,yes,
PMC13168359,A multi-ancestry genome-wide study of tamoxifen metabolism and breast cancer recurrence,yes,
PMC13193632,Association of SCN1A and SCN2A Gene Polymorphisms with Antiseizure Medication Responsiveness: A Case-Control Study from Eastern India,yes,
PMC13199760,CYP2D6 phenotype and post-surgical pain control with hydrocodone and oxycodone,yes,
PMC13200858,Effects of apolipoprotein E and solute carrier organic anion transporter family member 1B1 gene polymorphisms on statin efficacy and safety in dyslipidemic patients,yes,
PMC13209118,Integrating Genetic Variants and Expression Profiles of Pharmacogenes to Investigate Resistance to Antidepressant Treatment,yes,
PMC13210710,Genetic Polymorphisms in SCN1A Gene (rs6432860) and Pharmacoresistance to Antiepileptic Drugs Among Jordanian Patients with Epilepsy,yes,
PMC13230963,Associations between antihypertensive drug-related gene polymorphisms and cardiovascular outcomes in hypertensive patients: a gene-drug interaction study,yes,
PMC13256612,IL4 Gene Variants rs2243250 and rs2243248 and Their Association with Clinical Phenotypes of Severe Asthma in the Mexican Population: In Silico Functional Analysis and Regulatory Implications,yes,
PMC13261553,Composite CYP3A (CYP3A4 and CYP3A5) phenotypes and influence on tacrolimus dose adjusted concentrations in adult heart transplant recipients,yes,
PMC13271889,"The association of ABCB1, CYP2C19 and CYP2C9 combined activity with clopidogrel resistance in patients with recurrent ischemic stroke",yes,
PMC13282291,Candidate-gene-based study of CYP3A-related single-nucleotide polymorphisms using 4β-hydroxycholesterol/cholesterol ratio as biomarker in a Japanese cohort,yes,
PMC13299576,Preliminary Evidence for Sex Differences in CYP2C19 Metabolic Capacity During Psychotropic Drug Treatment,yes,
PMC13305058,Association of Variants in Candidate Pharmacogenes with Response to Mercaptopurine and Methotrexate in Pediatric Acute Lymphoblastic Leukemia: A Single-Center Experience from Croatia,yes,
PMC13339200,Biomarker‐Based Prediction of OATP1B1 Activity in Clinical Routine—Investigating Coproporphyrins as Markers for Drug–Drug–Gene Interactions,yes,
PMC1364713,Disposition of clozapine in man: lack of association with debrisoquine and S-mephenytoin hydroxylation polymorphisms,yes,
PMC1364741,The pharmacokinetics of ondansetron after intravenous injection in healthy volunteers phenotyped as poor or extensive metabolisers of debrisoquine,yes,
PMC1365072,Biotransformation and pharmacokinetics of ethylmorphine after a single oral dose,yes,
PMC1365130,Cytochrome P4502D6 genotype does not determine response to clozapine,yes,
PMC1365155,An unequal cross-over event within the CYP2D gene cluster generates a chimeric CYP2D7/CYP2D6 gene which is associated with the poor metabolizer phenotype,yes,
PMC1368322,Disposition and metabolism of codeine after single and chronic doses in one poor and seven extensive metabolisers.,,PKDB00091
PMC1368325,Caffeine renal clearance and urine caffeine concentrations during steady state dosing. Implications for monitoring caffeine intake during sports events.,,PKDB00012
PMC1368572,Pharmacokinetics of codeine and its metabolites in Caucasian healthy volunteers: comparisons between extensive and poor hydroxylators of debrisoquine.,,PKDB00115
PMC1368573,A comparison of the pharmacokinetics of codeine and its metabolites in healthy Chinese and Caucasian extensive hydroxylators of debrisoquine.,,PKDB00114
PMC1380033,Interindividual and interethnic differences in the demethylation and glucuronidation of codeine.,,PKDB00112
PMC1380034,Codeine O-demethylation co-segregates with polymorphic debrisoquine hydroxylation.,,PKDB00113
PMC1380095,The effect of propranolol on paracetamol metabolism in man.,,PKDB00024
PMC1381556,"Inhibitory effect of grapefruit juice and its bitter principal, naringenin, on CYP1A2 dependent metabolism of caffeine in man.",,PKDB00033
PMC1400629,Caffeine disposition in obesity.,,PKDB00427
PMC1401099,"Comparative pharmacokinetics of caffeine and its primary demethylated metabolites paraxanthine, theobromine and theophylline in man.",,PKDB00047
PMC1401654,Further evidence for an acetylator phenotype difference in the metabolism of hydralazine in man,yes,
PMC1401868,Effects of microsomal enzyme induction on paracetamol metabolism in man.,,PKDB00151
PMC1428054,Influence of sex and oral contraceptive steroids on paracetamol metabolism.,,PKDB00150
PMC1428091,Pharmacokinetics and bioavailability of midazolam in man.,,PKDB00178
PMC1429435,Paracetamol disposition in normal subjects and in patients treated with antiepileptic drugs.,,PKDB00124
PMC1463596,The role of sulphate conjugation in the metabolism and disposition of oral and intravenous paracetamol in man.,,PKDB00195
PMC1463861,Chronopharmacokinetics of paracetamol in normal subjects.,,PKDB00119
PMC1474035,Variation in the Gene Encoding the Serotonin 2A Receptor Is Associated with Outcome of Antidepressant Treatment,yes,
PMC1563530,Safety of Voriconazole in a Patient with CYP2C9*2/CYP2C9*2 Genotype,yes,
PMC16264,Functional polymorphisms of the human multidrug-resistance gene: Multiple sequence variations and correlation of one allele with P-glycoprotein expression and activity in vivo,yes,
PMC172463,Interaction between oral ciprofloxacin and caffeine in normal volunteers.,,PKDB00040
PMC1746721,Effects of captopril administration on pulmonary haemodynamics and tissue oxygenation during exercise in ACE gene subtypes in patients with COPD: a preliminary study,yes,
PMC1754569,Genetic markers for the efficacy of tumour necrosis factor blocking therapy in rheumatoid arthritis,yes,
PMC1755496,Polymorphism at position –308 of the tumour necrosis factor α gene and rheumatoid arthritis pharmacogenetics,yes,
PMC1762324,A Proof-Of-Principle Study of Epigenetic Therapy Added to Neoadjuvant Doxorubicin Cyclophosphamide for Locally Advanced Breast Cancer,yes,
PMC1769026,Comparison of the effect of enalapril and losartan in conjunction with surgical coronary revascularisation versus revascularisation alone on systemic endothelial function,yes,
PMC1773505,Safe treatment of thiopurine S-methyltransferase deficient Crohn’s disease patients with azathioprine,yes,
PMC1873375,Non-linear fluvoxamine disposition,yes,
PMC1874262,CYP2C9 polymorphism and warfarin dose requirements,yes,
PMC1874463,Genetic polymorphisms in human CYP2A6 gene causing impaired nicotine metabolism,yes,
PMC1884261,"Disposition of debrisoquine and nortriptyline in Korean subjects in relation to CYP2D6 genotypes, and comparison with Caucasians",yes,
PMC1884285,A discordance between cytochrome P450 2D6 genotype and phenotype in patients undergoing methadone maintenance treatment,yes,
PMC1884342,Identification of a novel splice-site mutation in the CYP1A2 gene,yes,
PMC1884346,Haloperidol plasma concentration in Japanese psychiatric subjects with gene duplication of CYP2D6,yes,
PMC1884944,Fluvoxamine impairs single-dose caffeine clearance without altering caffeine pharmacodynamics.,,PKDB00019
PMC1884959,The effect of the cytochrome P450 CYP2C8 polymorphism on the disposition of (R)-ibuprofen enantiomer in healthy subjects,yes,
PMC1885008,"Interpatient variability in the pharmacokinetics of the HIV non-nucleoside reverse transcriptase inhibitor efavirenz: the effect of gender, race, and CYP2B6 polymorphism",yes,
PMC1885108,Pharmacokinetics and response to pravastatin in paediatric patients with familial hypercholesterolaemia and in paediatric cardiac transplant recipients in relation to polymorphisms of the SLCO1B1 and ABCB1 genes,yes,
PMC1952551,Safety of codeine during breastfeeding: Fatal morphine poisoning in the breastfed neonate of a mother prescribed codeine,yes,
PMC1963422,Modelling the influence of MDR1 polymorphism on digoxin pharmacokinetic parameters,yes,
PMC1974827,Influence of the CYP3A5 and MDR1 genetic polymorphisms on the pharmacokinetics of tacrolimus in healthy Korean subjects,yes,
PMC1975838,Genetic-based dosing in orthopedic patients beginning warfarin therapy,yes,
PMC1995596,Exploring joint effects of genes and the clinical efficacy of morphine for cancer pain: OPRM1 and COMT gene,yes,
PMC2000640,SLCO1B1 521T→C functional genetic polymorphism and lipid-lowering efficacy of multiple-dose pravastatin in Chinese coronary heart disease patients,yes,
PMC2000718,Effect of ABCB1 (MDR1) haplotypes derived from G2677T/C3435T on the pharmacokinetics of amlodipine in healthy subjects,yes,
PMC2014166,"Tolterodine does not affect the human in vivo metabolism of the probe drugs caffeine, debrisoquine and omeprazole",yes,
PMC2014233,Functional significance of a C→A polymorphism in intron 1 of the cytochrome P450 CYP1A2 gene tested with caffeine,yes,
PMC2014539,"Plasma concentrations of haloperidol are related to CYP2D6 genotype at low, but not high doses of haloperidol in Korean schizophrenic patients",yes,
PMC2014902,Formation of omeprazole sulphone but not 5-hydroxyomeprazole is inhibited by grapefruit juice,yes,
PMC2042718,A novel mutant variant of the CYP2D6 gene (CYP2D6 17) common in a black African population: association with diminished debrisoquine hydroxylase activity,yes,
PMC2042888,Characterization of the human cytochrome P450 enzymes involved in the metabolism of dihydrocodeine,yes,
PMC2168111,Toll-Like Receptor 4 Polymorphism Associated with the Response to Whole-Cell Pertussis Vaccination in Children from the KOALA Study,yes,
PMC2194758,Ethnic Stratification of the Association of RGS4 Variants with Antipsychotic Treatment Response in Schizophrenia,yes,
PMC2276142,Genome-wide association scan identifies candidate polymorphisms associated with differential response to anti-TNF treatment in Rheumatoid Arthritis,yes,
PMC2288721,CYP4F2 genetic variant alters required warfarin dose,yes,
PMC2291274,The CYP2D6 polymorphism in relation to the metabolism of amitriptyline and nortriptyline in the Faroese population,yes,
PMC2291379,"Influence of the CYP2D6*4 polymorphism on dose, switching and discontinuation of antidepressants",yes,
PMC2292110,Associations Between SNPs in Toll-like Receptors and Related Intracellular Signaling Molecules and Immune Responses to Measles Vaccine: Preliminary Results,yes,
PMC2352037,Effect of deletion polymorphism of angiotensin converting enzyme gene on progression of diabetic nephropathy during inhibition of angiotensin converting enzyme: observational follow up study,yes,
PMC2364178,Reduced 5-FU clearance in a patient with low DPD activity due to heterozygosity for a mutant allele of the DPYD gene,yes,
PMC2364770,UGT1A1 gene variations and irinotecan treatment in patients with metastatic colorectal cancer,yes,
PMC2386778,Association between single nucleotide polymorphisms in the mu opioid receptor gene (OPRM1) and self-reported responses to alcohol in American Indians,yes,
PMC2432487,Effect of CYP2C19*2 and *17 mutations on pharmacodynamics and kinetics of proton pump inhibitors in Caucasians,yes,
PMC245075,Lack of interaction between lomefloxacin and caffeine in normal volunteers.,,PKDB00041
PMC2480976,UGT1A1*28 genotype and irinotecan dosage in patients with metastatic colorectal cancer: a Dutch Colorectal Cancer Group study,yes,
PMC2485247,Impact of CYP3A5 genetic polymorphism on pharmacokinetics of tacrolimus in healthy Japanese subjects,yes,
PMC2492917,Lack of tacrolimus circadian pharmacokinetics and CYP3A5 pharmacogenetics in the early and maintenance stages in Japanese renal transplant recipients,yes,
PMC2515139,A genome-wide scan for common genetic variants with a large influence on warfarin maintenance dose,yes,
PMC2518836,"Epithelial Neutrophil-Activating Peptide (ENA-78), Acute Coronary Syndrome Prognosis, and Modulatory Effect of Statins",yes,
PMC2547143,α-ADDUCIN POLYMORPHISM ASSOCIATED WITH INCREASED RISK OF ADVERSE CARDIOVASCULAR OUTCOMES: RESULTS FROM INVEST-GENES,yes,
PMC2556451,ARG1 Is a Novel Bronchodilator Response Gene: Screening and Replication in Four Asthma Cohorts,yes,
PMC2561102,Pharmacokinetics of intravenous and oral midazolam in plasma and saliva in humans: usefulness of saliva as matrix for CYP3A phenotyping.,,PKDB00248
PMC2561120,Pharmacogenomic studies of the anticancer and immunosuppressive thiopurines mercaptopurine and azathioprine,yes,
PMC2564574,Polymorphisms in the VKORC1 gene are strongly associated with warfarin dosage requirements in patients receiving anticoagulation,yes,
PMC2570505,Pharmacokinetic and pharmacogenetic determinants of the activity and toxicity of irinotecan in metastatic colorectal cancer patients,yes,
PMC2586993,Polymorphisms and Clinical Outcome in Recurrent Ovarian Cancer Treated with Cyclophosphamide and Bevacizumab,yes,
PMC2592852,Effect of Concomitant Artesunate Administration and Cytochrome P4502C8 Polymorphisms on the Pharmacokinetics of Amodiaquine in Ghanaian Children with Uncomplicated Malaria,yes,
PMC2596476,A GRK5 Polymorphism that Inhibits β-Adrenergic Receptor Signaling is Protective in Heart Failure,yes,
PMC2599947,ABCB1 (MDR1) genetic variants are associated with methadone doses required for effective treatment of heroin dependence,yes,
PMC2630264,The largest prospective warfarin-treated cohort supports genetic forecasting,yes,
PMC2641037,Absorption of Montelukast is Transporter Mediated: a Common Variant of OATP2B1 is Associated with Reduced Plasma Concentrations and Poor Response,yes,
PMC2644687,Genetic variation in the Catechol-O-Methyltransferase (COMT) gene and morphine requirements in cancer patients with pain,yes,
PMC2647710,"Association between glucokinase regulatory protein (GCKR) and apolipoprotein A5 (APOA5) gene polymorphisms and triacylglycerol concentrations in fasting, postprandial, and fenofibrate-treated states1",yes,
PMC2650539,CYP2B6 G516T Polymorphism but Not Rifampin Coadministration Influences Steady-State Pharmacokinetics of Efavirenz in Human Immunodeficiency Virus-Infected Patients in South India,yes,
PMC2652833,"A Genome-Wide Association Study Confirms VKORC1, CYP2C9, and CYP4F2 as Principal Genetic Determinants of Warfarin Dose",yes,
PMC2660379,SLC6A4 Variation and Citalopram Response,yes,
PMC2662935,β-Adrenergic Receptor Polymorphisms and Response to Salmeterol,yes,
PMC2664151,ADH single nucleotide polymorphism associations with alcohol metabolism in vivo,yes,
PMC2666924,An Evaluation of μ-Opioid Receptor (OPRM1) as a Predictor of Naltrexone Response in the Treatment of Alcohol Dependence: Results From the Combined Pharmacotherapies and Behavioral Interventions for Alcohol Dependence (COMBINE) Study,yes,
PMC2668081,"Contribution of the activities of CYP3A, CYP2D6, CYP1A2 and other potential covariates to the disposition of methadone in patients undergoing methadone maintenance treatment",yes,
PMC2673121,Relative contribution of CYP2C9 and VKORC1 genotypes and early INR response to the prediction of warfarin sensitivity during initiation of therapy,yes,
PMC2675050,Lack of effect of subject posture on intravenous midazolam clearance: implications for hepatic cytochrome P450 3A phenotyping.,,PKDB00325
PMC2675161,The Pharmacokinetics and Pharmacogenomics of Efavirenz and Lopinavir/Ritonavir in HIV-Infected Persons Requiring Hemodialysis,yes,
PMC2679107,Effects of UGT1A1*28 polymorphism on raloxifene pharmacokinetics and pharmacodynamics,yes,
PMC2679896,Pharmacokinetics of Efavirenz when Co-administered with Rifampin in TB/HIV Co-infected Patients: Pharmacogenetic Effect of CYP2B6 Variation,yes,
PMC2680291,Outcomes of methotrexate therapy for psoriasis and relationship to genetic polymorphisms,yes,
PMC2681284,Investigation of candidate polymorphisms and disease activity in rheumatoid arthritis patients on methotrexate,yes,
PMC2683977,Use of Pharmacogenetic and Clinical Factors to Predict the Therapeutic Dose of Warfarin,yes,
PMC2684883,CYP4F2 Is a Vitamin K1 Oxidase: An Explanation for Altered Warfarin Dose in Carriers of the V433M Variant,yes,
PMC2686066,Pharmacokinetic– pharmacodynamic analysis of the role of CYP2C19 genotypes in short-term rabeprazole-based triple therapy against Helicobacter pylori,yes,
PMC2704695,Influence of the Cytochrome P450 2B6 Genotype on Population Pharmacokinetics of Efavirenz in Human Immunodeficiency Virus Patients,yes,
PMC2709885,Genetic variation of CYP2C19 affects both pharmacokinetic and pharmacodynamic responses to clopidogrel but not prasugrel in aspirin-treated patients with coronary artery disease,yes,
PMC2715837,G-Protein-Coupled Receptor Kinase 4 Polymorphisms and Blood Pressure Response to Metoprolol Among African Americans: Sex-Specificity and Interactions,yes,
PMC2722908,Estimation of the Warfarin Dose with Clinical and Pharmacogenetic Data,yes,
PMC2726911,"Effect of casopitant, a novel NK-1 antagonist, on the pharmacokinetics of dolasetron and granisetron",yes,
PMC2732914,Role of the HPA Axis and the A118G Polymorphism of the μ-Opioid Receptor in Stress-Induced Drinking Behavior,yes,
PMC2733171,Pharmacogenetic association of the APOA1/C3/A4/A5 gene cluster and lipid responses to fenofibrate: the Genetics of Lipid-Lowering Drugs and Diet Network study,yes,
PMC2737687,CYP2C9*8 is prevalent among African–Americans: implications for pharmacogenetic dosing,yes,
PMC2743299,GENE AND GENE BY SEX ASSOCIATIONS WITH INITIAL SENSITIVITY TO NICOTINE IN NONSMOKERS,yes,
PMC2748889,Association of serum cotinine level with a cluster of three nicotinic acetylcholine receptor genes (CHRNA3/CHRNA5/CHRNB4) on chromosome 15,yes,
PMC2749505,Interindividual Variability in Pharmacokinetics of Generic Nucleoside Reverse Transcriptase Inhibitors in TB/HIV Co-infected Ghanaian Patients: UGT2B7*1C is Associated with Faster Zidovudine Clearance and Glucuronidation,yes,
PMC2750008,A single tumour necrosis factor haplotype influences the response to adalimumab in rheumatoid arthritis,yes,
PMC2751283,CYP2D6 Genotyping as an alternative to phenotyping for determination of metabolic status in a clinical trial setting,yes,
PMC2754599,"CYP2B6 Variants and Plasma Efavirenz Concentrations during Antiretroviral Therapy in Port-au-Prince, Haiti",yes,
PMC2756088,Influence of CYP2C9 Genotype on warfarin dose among African American and European Americans,yes,
PMC2757009,β1-adrenoceptor genetic varians and ethnicity independently affect response to β-blockade,yes,
PMC2757655,"Influence of CYP2C9 and VKORC1 on warfarin dose, anticoagulation attainment and maintenance among European American and African Americans",yes,
PMC2760462,Atazanavir pharmacokinetics in genetically determined CYP3A5 expressors versus non-expressors,yes,
PMC2762391,Germline genomic variations associated with childhood acute lymphoblastic leukemia,yes,
PMC2762405,Genetic Polymorphism of Inosine Triphosphate Pyrophosphatase Is a Determinant of Mercaptopurine Metabolism and Toxicity During Treatment for Acute Lymphoblastic Leukemia,yes,
PMC2767285,Differential role of sodium channels SCN1A and SCN2A gene polymorphisms with epilepsy and multiple drug resistance in the north Indian population,yes,
PMC2773991,"Rescue of CF airway epithelial cell function in vitro by a CFTR potentiator, VX-770",yes,
PMC2792638,Angiotensin-converting enzyme gene polymorphism predicts the time-course of blood pressure response to angiotensin converting enzyme inhibition in the AASK trial,yes,
PMC2794198,TPMT Genetic Variations in Populations of the Russian Federation,yes,
PMC2794921,A Genome-Wide Association Study of Citalopram Response in Major Depressive Disorder,yes,
PMC2810514,Interleukin-6 (IL-6) haplotypes and the response to therapy of chronic hepatitis C virus infection,yes,
PMC2810802,"Pharmacokinetics, metabolism and bioavailability of the triazole antifungal agent voriconazole in relation to CYP2C19 genotype",yes,
PMC2810805,"Pharmacokinetic assessment of a five-probe cocktail for CYPs 1A2, 2C9, 2C19, 2D6 and 3A.",,PKDB00063
PMC2812115,"CYP2C9*1B Promoter Polymorphisms, in Linkage with CYP2C19*2, Affect Phenytoin Autoinduction of Clearance and Maintenance Dose",yes,
PMC2820245,GRK5 Gln41Leu polymorphism is not associated with sensitivity to β1-adrenergic blockade in humans,yes,
PMC2824477,Effects of oral clotrimazole troches on the pharmacokinetics of oral and intravenous midazolam.,,PKDB00323
PMC2830598,Methylenetetrahydrofolate reductase (MTHFR) gene polymorphisms and FOLFOX response in colorectal cancer patients,yes,
PMC2853591,CYP3A4 and CYP3A5 Polymorphisms and Blood Pressure Response to Amlodipine among African-American Men and Women with Early Hypertensive Renal Disease,yes,
PMC2855513,RRM1 single nucleotide polymorphism -37C→A correlates with progression-free survival in NSCLC patients after gemcitabine-based chemotherapy,yes,
PMC2857717,The efficacies of clozapine and haloperidol in refractory schizophrenia are related to DTNBP1 variation,yes,
PMC2858245,"Integration of genetic, clinical, and INR data to refine warfarin dosing",yes,
PMC2859392,Effects of CYP2B6 G516T polymorphisms on plasma efavirenz and nevirapine levels when co-administered with rifampicin in HIV/TB co-infected Thai adults,yes,
PMC2860533,A variation in NOS1AP gene is associated with repaglinide efficacy on insulin resistance in type 2 diabetes of Chinese,yes,
PMC2865873,Warfarin pharmacogenetics: a single VKORC1 polymorphism is predictive of dose across 3 racial groups,yes,
PMC2883666,Replicated Association between an IL28B Gene Variant and a Sustained Response to Pegylated Interferon and Ribavirin,yes,
PMC2884029,The role of organic anion-transporting polypeptides and their common genetic variants in mycophenolic acid pharmacokinetics,yes,
PMC2885152,COMT Val108/158Met polymorphism modulates task-oriented behaviour in children with ADHD,yes,
PMC2886925,The Influence of CYP2C19 Polymorphism on Eradication of Helicobacter pylori: A Prospective Randomized Study of Lansoprazole and Rabeprazole,yes,
PMC2888980,A Candidate Gene Analysis of Methylphenidate Response in Attention-Deficit/Hyperactivity Disorder,yes,
PMC2896457,Dopamine D2 receptor genetic variation and clinical response to antipsychotic drug treatment: A meta-analysis,yes,
PMC2896566,"Effects of SREBF-1a and SCAP polymorphisms on plasma levels of lipids, severity, progression and regression of coronary atherosclerosis and response to therapy with fluvastatin",yes,
PMC2896826,Resequencing of serotonin-related genes and association of tagging SNPs to citalopram response,yes,
PMC2901912,CYP2C9 Genotype and Pharmacodynamic Responses to Losartan in Patients with Primary and Secondary Kidney Diseases,yes,
PMC2903324,Pharmacogenetic Predictors of Adverse Events and Response to Chemotherapy in Metastatic Colorectal Cancer: Results From North American Gastrointestinal Intergroup Trial N9741,yes,
PMC2906637,ASSOCIATION BETWEEN POLYMORPHIC VARIATION IN VDR AND RXRA AND CIRCULATING LEVELS OF VITAMIN D METABOLITES,yes,
PMC2908290,Influence of pharmacogenetics on indinavir disposition and short-term response in HIV patients initiating HAART,yes,
PMC2910688,"Associations between tamoxifen, estrogens, and FSH serum levels during steady state tamoxifen treatment of postmenopausal women with breast cancer",yes,
PMC2911553,CYP4F2 rs2108622: a minor significant genetic factor of warfarin dose in Han Chinese patients with mechanical heart valve replacement,yes,
PMC2913479,Association of Genetic Variation in Cystathionine-β-Synthase and Arsenic Metabolism,yes,
PMC2919241,"Impact of CYP2B6, ABCB1 and CYP3A5 Polymorphisms on Efavirenz Pharmacokinetics and Treatment Response: An AIDS Clinical Trials Group Study",yes,
PMC2920450,Laboratory and Clinical Outcomes of Pharmacogenetic vs. Clinical Protocols for Warfarin Initiation in Orthopedic Patients,yes,
PMC2921956,Identification of novel CYP2A6*1B variants; the CYP2A6*1B allele is associated with faster in vivo nicotine metabolism,yes,
PMC2922203,A novel CYP2A6 allele (CYP2A6*35) resulting in an amino acid substitution (Asn438Tyr) is associated with lower CYP2A6 activity in vivo,yes,
PMC2925052,A genetic determinant of the striatal dopamine response to alcohol in men,yes,
PMC2928561,A polymorphism in the VKORC1-regulator calumenin predicts higher warfarin doses in African-Americans,yes,
PMC2935997,The effects of CYP2D6 and CYP3A activities on the pharmacokinetics of immediate release oxycodone,yes,
PMC2943151,Dual specificity phosphatase-1 as a pharmacogenetic modifier of inhaled steroid response among asthma patients,yes,
PMC2949522,Gamma-glutamyl carboxylase and its influence on warfarin dose,yes,
PMC2949912,New genetic variant that might improve warfarin dose prediction in African Americans,yes,
PMC2950972,Effects of Opioid Receptor Gene Variation on Targeted Nalmefene Treatment in Heavy Drinkers,yes,
PMC2952572,Apolipoprotein B genetic variants modify the response to fenofibrate: a GOLDN study,yes,
PMC2957581,Effects of erythromycin on voriconazole pharmacokinetics and association with CYP2C19 polymorphism,yes,
PMC2959002,Possible association of norepinephrine transporter -3081(A/T) polymorphism with methylphenidate response in attention deficit hyperactivity disorder,yes,
PMC2966433,IL28B SNP rs8099917 Is Strongly Associated with Pegylated Interferon-α and Ribavirin Therapy Treatment Failure in HCV/HIV-1 Coinfected Patients,yes,
PMC2966859,Gemcitabine Metabolic and Transporter Gene Polymorphisms Are Associated with Drug Toxicity and Efficacy in Patients with Locally Advanced Pancreatic Cancer,yes,
PMC2966981,Effect of gene polymorphisms on the levels of calcineurin inhibitors in Indian renal transplant recipients,yes,
PMC3043256,Marginal increase of sunitinib exposure by grapefruit juice.,,PKDB00249
PMC370948,Physiologic evaluation of factors controlling glucose tolerance in man: measurement of insulin sensitivity and beta-cell glucose sensitivity from the response to intravenous glucose.,,PKDB00067
PMC372111,Pattern of insulin delivery after intravenous glucose injection in man and its relation to plasma glucose disappearance.,,PKDB00072
PMC3775655,The pharmacokinetics of codeine and its metabolites in Blacks with sickle cell disease.,,PKDB00106
PMC423314,Use of biosynthetic human C-peptide in the measurement of insulin secretion rates in normal volunteers and type I diabetic patients.,,PKDB00084
PMC424555,Postprandial hyperglycemia in patients with noninsulin-dependent diabetes mellitus. Role of hepatic and extrahepatic tissues.,,PKDB00075
PMC4383763,Effect of excipients on acetaminophen metabolism and its implications for prevention of liver injury.,,PKDB00121
PMC4411542,The Insulin Resistance but Not the Insulin Secretion Parameters Have Changed in the Korean Population during the Last Decade.,,PKDB00086
PMC5299073,Effect of Low-Furanocoumarin Hybrid Grapefruit Juice Consumption on Midazolam Pharmacokinetics.,,PKDB00252
