pmid	pmcid
10022751	
10022755	
10073515	
10096261	
10101295	
10190398	
10190648	PMC2014166
10206083	
10208643	
10223777	
10233211	PMC2014233
10334805	
10340921	
10340923	
10411572	
10434486	
10448083	
10471060	
10471063	
10509530	
10511062	
10511065	
10544257	
10579481	
10583026	PMC2014382
10594793	
10626755	
10636265	
10639689	
10653220	
10671908	PMC2014902
10683861	
10710136	
10716719	PMC16264
10774635	
10824636	
10831022	
10850391	
10880412	
10901705	
10942177	
10961881	
10975602	
10999835	
11007831	
11027924	
11041319	
11046127	
11069321	
11127854	
11186138	
11207001	
11208681	
11222464	
11240974	
11240980	
11270921	
11278503	
11311507	
11318841	
1136859	
11380317	
11434512	
11446878	
11452243	
11470994	
11474773	
11505219	
11543734	
11552922	
11557918	
11560558	PMC2014539
11593098	
11595402	
11668219	
11672906	
11682257	
11697464	
11741249	PMC2751283
11753271	
11753272	
11756990	
11779172	
11785712	
11791895	
11791898	
11802100	
11812719	
11817517	
11823760	
11823761	
11829201	
11849656	
11875364	
11907712	
11910301	
11913730	
11926893	
11929404	
11933204	
11936707	
11953843	PMC2364178
11954942	
11966680	PMC1874262
11990381	
12010835	
12012142	
12042667	
12042669	
12057029	
12065207	
12065557	
12082589	
12095536	
12107620	
12121503	
12123234	
12142782	
12152005	
12152006	
12185559	
12189368	
12190096	
12191703	
12202670	
12325023	
123467	
12356937	
12359989	
12360109	
12374640	
12386647	
12392308	
12414349	
12419790	
12421483	
12422998	
12425480	
12436350	PMC2896566
12439227	
12445030	PMC1874463
12451290	
12476327	
12477776	PMC1773505
12485958	
12496751	
12507820	
12544511	
12544691	
12545140	
12563174	
12576843	
12651805	
12656699	
12662378	
12663600	
12668920	
12694072	
12695469	PMC1767618
12728290	
12732846	
12746736	
12759288	PMC1754569
12784098	
12809821	
12811365	
12811367	
12814461	PMC1884261
12832683	PMC1746721
12844134	
12844135	
12844136	
12844137	
12847678	
12848631	
12873589	
12891229	
12893983	
12893985	
12895196	PMC1884285
12919180	PMC1884346
12919186	PMC1884342
12920202	
12921807	
12955294	
12960748	
12966368	
12969965	
1396201	
14499311	
14515060	
1451721	
14520122	
14521618	
14534524	
14534525	
14553962	
14570538	
14578760	
14583680	
14586389	
14624186	
14624403	
14625131	
14638340	
14646691	
14652237	
14652703	
14653835	
14653957	
14659971	
14676821	
14687173	
14695703	
14700505	
14729419	
14747421	
14765194	
15001971	
15007088	
1505152	
15052272	
15057902	
15073101	
15083067	
15089809	PMC1884506
15094935	
15116053	
15118073	
15121303	
15122075	
15128047	
15128048	
15136504	
15148588	
15149890	
15167702	
15179405	
15179414	
15180166	
15188945	PMC6654446
15197523	
15203796	
15205367	
15226090	
15226679	
15233837	
15249972	
15260906	
15262185	
15265511	
15274037	
15280927	PMC2364770
15282200	
15284534	
15284537	
15289788	
15289789	
1531950	
15322419	
15337646	
15349717	
15358623	
15447734	
15453913	PMC524175
15457444	
1546384	
15467211	
15470328	
15475735	
15483195	
15499191	
15502717	
15526248	
15533655	
15536456	
15548849	
15554460	
15564877	
15564883	
15565110	
15565299	
15570193	
15590749	
15592323	
15592325	
15603879	
15604153	PMC539815
15606441	PMC1884959
15608561	
15614026	
15618746	
15630486	
15632378	
15634941	
15650881	
15668854	
15687340	
15692831	
15694263	
15694942	
15695296	
15707415	
15710002	
15714076	
15715938	
15722458	
15726636	
15728438	
15729081	
15729180	
15731591	
15742978	
15743363	
15764711	
15773232	
15775779	
15784872	
15788353	
15790782	
15795539	
15805193	PMC556232
15808586	
15812265	
15825040	
15830237	
15834068	PMC1755496
15855489	PMC1087660
15857428	
15861035	
15861037	
15864112	
15864113	
15864128	
15864131	
15883587	
15888487	
15900015	
15903128	
15906019	
15918040	
15919447	
15930419	
15932363	
15952098	
15963082	
15976989	
15980104	
15993850	
16002074	
16003289	
16007002	
16020596	PMC1769026
16021435	
16024198	
16034444	
16041240	
16044105	
16081343	
16082688	
16084854	
16094537	
16103896	
16115483	
16123753	
16123758	
16127283	
16129989	
16133961	
16146556	
16153401	
16158080	
16160068	PMC1237155
16181985	
16182270	
16182272	
16198652	
16201835	PMC1251635
16202677	
16220110	
16236141	
16249748	
16249913	
16267764	
16270629	
16283274	
16299241	
16302021	
16319918	
16321621	
16322642	PMC2662935
16338280	
16355344	
16386926	
16392089	
16401468	
16402128	
16413245	
16415111	
16421475	
16424824	
16432637	
16433808	
16433869	PMC1885008
16458487	
16462575	
16463153	
16467099	
16495778	
16501005	
16508157	
16513443	
16515395	
16531626	
16542858	
16543980	
1655344	
16572443	
16580768	
16580898	
16580900	
16580902	
16581111	
16583408	
16595916	
16604300	
16607077	
16610939	
16611310	
16611750	PMC2564574
16628701	
16636344	
16642436	PMC1474035
16676068	
16699986	
16702979	
16707601	
16719544	
16720636	
16722833	PMC1885108
16753003	
16753004	
16758348	PMC3454958
16763825	
16765146	
16769602	
16778723	
16788380	
16797284	
16815313	
16815314	
16815316	
16815317	
16815318	
16815679	
16819548	
16822601	
16833023	
16847664	
16849011	
16857630	
16863547	
16869811	PMC2000718
16871067	
16871470	
16874005	
16875718	
16876132	
16879459	
16890574	
16890579	
16906016	
16906017	
16906020	
16909270	
16911680	
16911688	
16912869	
16917677	
16920476	
16937451	PMC4087845
16940139	PMC1563530
16947783	
16951398	
16952495	
16960700	
16961627	
16979018	
17001291	
17001296	
17008591	
17011540	
17015050	
17015051	
17015052	
17018806	
17023870	
17030231	
17032130	
17047484	
17047488	
17047492	
17049058	
17049586	
17064846	
17092969	
17105675	
17108811	
17110455	
17111199	
17111267	
17112802	
17112810	
17112811	
17123473	
17148966	
17156920	PMC1995596
17164591	
17164697	
17175164	
17178264	
17178265	
17178266	
17178267	
17178268	
17180579	
17183730	PMC1762324
17185998	
17186005	
17190370	
17192506	
17192769	
17194903	
17203168	
17215846	
17220563	
17223085	
17234366	
17235330	
17242628	
17261659	
17265061	
17267622	
17283289	
17295875	
17306068	
17324110	
17324111	
17325736	
17329852	
17329985	
17337040	
17339868	
17343250	
17356468	
17361120	
17370067	
17387222	PMC1975838
17391324	PMC1974827
17392730	
17404720	PMC1963422
17404734	
17430486	
17431185	
17439512	
17439540	PMC2000640
17460029	
17460606	
17460607	
17467803	
17467808	
17473847	
17495880	
17496726	
17501853	
17502774	
17503482	
17503984	
17512587	
17517247	PMC1978168
17519421	
17522595	PMC2921956
17537913	PMC1887589
17541557	
17554244	
17559344	
17563401	
17563839	PMC3476140
17568401	
17577039	
17585213	
17588543	PMC2194758
17596133	
17602083	
17610534	PMC2048549
17621383	
17627617	PMC11159294
17635182	
17645482	
17652833	
17667795	
17667796	
17667959	
17673491	PMC2750008
17687269	
17693647	
17698328	
17699831	PMC2168111
17704420	
17715206	
17721180	
17724700	
17725248	
17725594	
17761710	
17761971	
17764479	PMC2291274
17764537	
17803873	
17828532	
17851566	
17872605	PMC1952551
17875118	
17885551	PMC2792638
17909004	
17913323	
17914325	
17918089	
17931083	
17934830	
17941052	
17948872	
17955230	
17965519	
17968817	
17978999	
17986163	
17989110	
18004205	
18021343	
18025780	
18030307	
18050121	
18050183	
18055561	
18057928	
18070221	PMC2291379
18167504	
18182069	
18183038	
18195729	
18200436	
18204343	
18204346	
18212800	
18214456	
18214865	
18221820	
18234403	
18241283	PMC2432487
18245543	
18250228	PMC2288721
18250251	PMC2666924
18253134	
18256692	
18261733	PMC4565152
18285551	PMC4615595
18292785	PMC5531276
18300238	
18303965	
18305455	PMC2683977
18308786	
18317231	
18322281	PMC3894627
18322994	
18325643	PMC2292110
18334103	
18334918	
18334919	
18335219	
18341670	PMC2485247
18347005	
18347181	
18347182	
18349392	
18368069	
18377430	PMC11158672
18380793	PMC11158323
18407954	
18408560	PMC3208318
18408563	
18408564	
18408565	
18417193	
18424454	PMC2599947
18425130	PMC2596476
18429967	PMC2492917
18430057	
18433502	PMC2386778
18435918	
18438841	
18443548	
18443790	
18452396	
18460585	
18466099	PMC2757655
18466100	
18467186	
18474679	
18483375	
18484082	
18496129	
18509327	PMC4612590
18511948	
18520597	
18528690	
18535201	PMC2515139
18537939	PMC2950972
18538445	
18542840	PMC3836273
18542936	
18544910	
18565259	
18570163	
18574025	PMC2630264
18580877	PMC2885152
18589174	
18594050	
18594531	PMC2480976
18597649	
18600527	
18600531	
18615156	PMC2276142
18617639	PMC2556451
18618621	PMC2660379
18629445	
18637061	
18641553	
18641915	
18654768	
18657677	PMC2547143
18662264	PMC2920450
18662289	PMC2561120
18664620	
18685564	PMC2762405
18687167	
18687376	
18690117	PMC2743299
18693052	
18698229	
18703939	
18713756	
18722008	
18727922	
18728241	PMC2679896
18751689	
18769620	PMC2518836
18779360	PMC2592852
18780301	
18781850	
18781852	
18781853	
18784455	PMC2675161
18794724	
18794726	PMC2757009
18797399	
18797458	PMC2570505
18797858	
18806696	
18810246	
18812236	
18821564	
18823430	
18831695	PMC3672984
18834373	
18836089	
18836275	
18839779	
18851956	
18855532	
18926547	
18971529	
18981009	
18981587	
18982321	
18987660	
18989660	
19000940	
19005160	
19010874	PMC2586993
19016697	PMC2680291
19016765	PMC11160041
19018719	
19027114	
19031075	
19033450	
19034904	PMC2794198
19037197	
19052714	
19056598	PMC2647710
19057464	PMC2733171
19065121	
19067682	
19074728	PMC2673121
19077664	PMC2896826
19088262	
19094200	PMC2644687
19095219	
19119263	PMC2715837
19124658	PMC2650539
19125240	
19129086	PMC3525178
19129747	
19133059	PMC2668081
19142106	
19143748	
19148563	
19150055	
19151602	PMC2641037
19159907	
19166419	
19177029	
19183167	
19193628	PMC2664151
19193698	PMC2681284
19205682	
19205754	PMC2726911
19207028	
19207029	
19218571	
19225451	
19228205	
19228618	PMC2722908
19236730	
19238117	
19240053	PMC2732914
19258929	
19259652	
19259653	
19268736	
19272758	
19273465	
19274060	
19274593	
19277427	
19279561	PMC3698861
19280158	
19286758	
19289993	
19290789	
19297519	PMC2684883
19299322	
19300499	PMC2652833
19302829	
19327620	
19331489	PMC3682424
19343327	
19345712	
19350112	
19357842	PMC3775655
19361869	
19364831	
19365399	
19365400	PMC2922203
19365401	
19369910	PMC2857717
19371317	PMC2679107
19373123	
19374892	
19387424	
19387461	PMC2810514
19387626	
19395173	
19395426	
19396436	
19404631	
19414633	
19414708	PMC4272010
19429918	PMC2709885
19433561	PMC2704695
19440701	PMC2908290
19444285	
19451862	
19451915	
19455410	
19468717	
19474465	
19480553	
19481584	
19496924	
19500084	
19504558	
19514130	
19523031	
19531981	
19542315	
19545554	
19545678	
19552744	PMC2686066
19560446	
19567893	
19578179	
19581389	
19582440	
19590397	
19593168	
19604081	
19605407	
1960624	
19606452	
19620853	
19628476	PMC2748889
19628728	PMC2749505
19635985	
19636336	
19638460	
19659438	PMC2754599
19661214	
19663669	PMC2737687
19669737	PMC2901912
19679631	PMC3131846
19683391	
19684573	
19684603	PMC2762391
19692684	
19692698	
19694741	PMC2767285
19704172	PMC3837290
19710077	PMC2760462
19733552	
19738376	
19740397	PMC2766479
19745563	
19749757	
19749758	
19752777	PMC3330749
19755414	
19770842	
19784640	
19785625	
19794411	
19794412	
19802360	PMC2756088
19818381	
19825907	
19827168	
19841156	PMC3571021
19842931	PMC2820245
19846067	PMC2794921
19846789	PMC2773991
19855097	PMC2812115
19858760	PMC2888980
19859084	
19865079	
19875892	
1988236	
19890249	PMC2884029
19891553	
19893579	
19898263	
19902562	
19904007	
19907160	PMC2853591
19916993	PMC2791975
19921195	
19926050	
19926672	
19933691	
19934793	
19937159	
19940985	
19946932	
19997080	
20002085	PMC2810802
20003118	
20016225	
20020283	
20028383	PMC11159193
20029384	
20031235	
20031551	PMC2995295
20038727	PMC4872310
20038957	PMC6631360
20040334	
20040338	
20041908	
20054294	
20060832	
20064494	
20072124	
20078613	PMC2830598
20078617	PMC2830602
20079160	
20089352	
20091113	PMC4454285
20110084	
20116071	
20118554	
20124171	PMC4872305
20125119	
20125120	
20128861	PMC4441275
20133509	
20140004	PMC4002408
20141248	PMC3703617
20143052	
20153897	
20157310	
20165956	PMC11828173
20168265	
20171873	
20175817	
20176026	PMC2883666
20194480	PMC2896457
20195290	
20196918	
20200517	PMC2928561
20203262	PMC2865873
20207952	
20220551	
20223877	PMC2879959
20226083	PMC2855513
20231857	
20235788	
20237460	PMC3055457
20300048	
20305679	PMC2860533
20307661	PMC2906637
20309874	PMC3652476
20332423	
20338069	PMC2859392
20339191	
20339978	
20346718	PMC3598593
20348146	
20348464	
20352314	
20368718	
20375999	PMC2858245
20376628	
20376629	
20383212	
20385995	
20386359	
20386493	
20389235	PMC4892373
20390257	
20393454	
20393862	
20399780	
20403483	
20415561	
20415563	
20417680	
20421126	
20434452	
20441246	
20441720	
20442691	PMC3098751
20452607	
20472929	
20473659	
20479755	PMC2925052
20488759	
20523342	PMC4002970
20530282	PMC2903324
20531370	
20559522	PMC2886925
20559687	
20562211	
20565970	PMC2910688
20568049	
20578254	
20580759	
20584552	
20585342	
20585834	
20590587	PMC2935997
20592455	PMC3833422
20595278	
20615525	
20619611	
20621700	
20622033	
20625352	
20633187	
20637204	
20643254	
20648473	
20653676	PMC2911553
20662624	PMC2919241
20664233	
20665215	
20665488	PMC2966859
20669013	PMC2957581
20670920	PMC2913479
20673984	PMC2943151
20680652	PMC3029819
20682687	PMC3279522
20694283	PMC2949522
20709156	
20716240	PMC2949912
20720517	
20724655	PMC2952572
20728570	
20804372	
20809084	
20812847	
20814331	
20818295	
20818834	
20823282	PMC2976128
20829635	
20830509	
20831535	
20833655	
20833658	
20833980	
20837591	
20838991	
20841522	
20854418	PMC3403289
20859243	PMC2976715
20860463	
20863575	
20872712	
20877298	
20881953	
20886236	PMC3016221
20921307	PMC2981241
20921968	
20929549	PMC2959002
20931559	PMC3653303
20932673	
20952418	
20959500	PMC3100585
20962433	
20964522	
20970119	
21038076	
21047202	
21047205	
21048934	PMC2966433
21052022	
21054464	
21057378	
21057703	
21063236	
21072155	PMC2966981
21075428	
21083385	PMC3148255
21083596	
21084764	
21094796	
21094797	
21102498	
21103886	
21107309	PMC3055694
21107318	PMC3034442
21109570	
21110013	PMC3291838
21110192	
21111021	
21112657	
21112660	
21118735	
21121772	
21121774	
21127421	
21127708	PMC2992873
21128989	
21145801	
21148049	
21151198	
21157362	PMC3066089
21167658	
21173786	
21174568	PMC3006662
21174619	
21174621	
21178986	
21186350	PMC3030919
21188787	
21192313	
21192345	
21195460	
21205745	PMC3068061
21206424	PMC3579501
21209234	
21223952	
21225912	PMC3020258
21228733	PMC3038469
21233271	
21239504	
21241071	
21246582	
21254157	
21262916	
21263010	
21270790	PMC3625373
21273624	
21273673	
21273734	
21280081	
21288052	
21288825	PMC3071070
21311897	
21319286	
21320153	PMC3175513
21321200	PMC3048137
21326246	PMC3049596
21326313	
21331500	
21332310	PMC7423195
21332314	
21332319	
21338649	
21346780	PMC3114195
21358750	PMC3130093
21358751	PMC3310336
21359536	
21360545	
21361732	
21362365	
21366650	
21383338	
21383771	
21384511	
21387541	
21390311	PMC3044738
21391884	
21392617	PMC3061841
21392722	
21393201	PMC3143437
21395648	PMC3080643
21398039	
21404110	
21430657	PMC3081375
21436775	
21437990	
21441248	PMC3092713
21447862	
21449672	
21449681	
21449848	
21451505	PMC4519823
21451508	
21466653	
21479500	
21480817	
21480951	PMC3093079
21494765	
21498394	
21503910	
21505315	PMC4892378
21507170	
21512411	
21513075	
21519338	PMC3100476
21521021	
21528942	
21535061	
21537116	
21543662	
21544031	
21550019	
21558457	PMC3182303
21561445	
21566507	
21572301	
21576462	PMC3107291
21576632	
21589866	PMC3093392
21590310	
21590444	
21593757	
21596874	
21597399	PMC3116045
21599570	
21602569	PMC3137047
21606533	
21614669	PMC3550197
21615537	PMC3164277
21625751	
21632579	
21635144	
21635146	
21635147	
21636598	
21642471	PMC3786668
21642870	
21644011	
21652606	
21654688	PMC3137420
21658141	
21666065	PMC3164274
21671989	PMC3244642
21677300	
21688171	
21689142	PMC3248259
21692828	PMC3248257
21698374	PMC3214266
21709633	PMC3539557
21711429	
21716274	
21725053	
21733227	
21734714	
21739267	PMC3249179
21739446	
21741447	
21743379	PMC3139013
21745312	
21747412	
21747589	PMC3125052
21753138	
21768473	PMC3158597
21769110	
21770725	
21779873	PMC3444290
21781277	PMC3461952
21781652	
21782804	
21790905	PMC3735354
21803659	
21803869	PMC3213989
21806385	
21806386	
21806387	
21811894	
21819368	
21830868	
21831685	
21837673	
21839244	
21840870	
21842338	
21844885	
21851254	
21860339	
21886016	
21887680	
21892778	
21896912	PMC3195031
21902500	
21902502	
21903774	
21907615	
21911885	
21915484	PMC3161212
21916909	
21919605	
21922127	
21930396	PMC3640375
21931346	
21931540	PMC3172251
21933224	
21934637	
21940774	
21946898	
21947681	
21956618	PMC3329222
21958076	
21961650	
21962566	
21975350	PMC3667657
21981797	
21987091	
21987611	PMC3180021
21989330	PMC3360546
21995462	PMC3376437
22006095	
22006347	
22010099	
22024001	PMC3225067
22026923	
22040439	
22044939	
22045970	
22047493	
22047557	PMC3230303
22048466	PMC3260990
22057858	
22064666	
22074251	
22075505	
22075549	
22076562	
22083166	
22094953	PMC3237821
22101623	
22105431	
22106207	PMC3264276
22111602	PMC3292264
22111603	
2211621	
22120873	
22122271	PMC3394147
22123356	
22129793	
22130800	PMC3384479
22147369	PMC3246196
22149470	
22153130	
22158330	
22158445	
22170007	
22172097	
22183771	
22186618	
22188362	
22189199	
22192158	
22192668	PMC3245828
22217949	PMC3597465
22230405	
22248286	
22249355	
22252093	
22256867	
22260295	
22266406	
22271297	PMC3352974
22274142	PMC3378722
22277678	
22281720	
22285300	
22292851	
22293084	
22294058	
22301466	
22304537	
22307138	PMC6432766
22309416	
22310591	
2231320	
22324425	
22328925	PMC3273458
22329723	
22331680	
22331829	
22339449	
22349464	
22354160	
22368681	PMC3282030
22369694	
22370858	PMC5875925
22371894	PMC3370715
22379997	
22383676	
22390861	
22394315	
22406652	
22414228	
22417933	
22418828	PMC3419350
22422348	
22426923	PMC11824232
22428615	PMC3448899
22428763	
22436571	PMC6987567
22440088	PMC3320544
22441531	
22450926	PMC5604731
22453232	PMC3369131
22455762	
22457278	PMC3415853
22462746	
22462752	
22462821	
22469198	
22471336	
22471906	PMC3522814
22480177	PMC3396003
22480748	
22481606	
22484315	PMC3774043
22486182	
22486528	
22490566	
22495427	
22510778	
22515274	
22527101	PMC3727245
22528326	
22534826	
22535333	
22538805	PMC3381232
22541248	PMC3992925
22549502	
22551036	PMC3414671
22562609	
22566498	PMC3530397
22571356	
22574741	PMC3555056
22584460	
22585284	
22590580	PMC3348126
22591328	PMC6493603
22591463	PMC3508798
22594507	
22594510	
22625877	PMC3555061
22629463	PMC3358293
22630058	PMC6493375
22641026	PMC3434304
22648373	PMC3433845
22660440	
22676192	
22676194	
22686296	
22695756	
22700043	
22704849	
22706620	
22706623	
22718623	
22722500	
22725663	
22733128	
22735459	
22749033	
22751958	PMC3425006
22760354	
22760475	
22761669	PMC3383686
22763757	
22765258	PMC3579261
22786571	
22792082	PMC3390407
22795047	
22798433	
22821704	
22838949	
22838950	
22840423	
22842957	
22851411	
22854539	
22855348	
22871975	PMC3461592
22871995	
22875622	PMC3561425
22875663	PMC4039203
22882994	
22885912	
22886152	
22889968	
22893251	
22901187	
22907730	PMC3941038
22907732	
22909202	
22911785	PMC3401172
22920393	PMC3518380
22920394	
22925276	PMC3521860
22926595	
22926616	
2293406	
22935916	
22940027	PMC3786328
22941809	
22942289	PMC3481266
22947179	
22947444	PMC3513646
22948856	
22949529	PMC3462355
22950382	
22951632	PMC3940150
22955794	
22960943	
22960998	
22965830	
22981363	
22986918	
22990223	
22990331	
22992768	PMC3478502
23001453	
23007012	
23007311	
23007924	
23029095	PMC3454425
23052413	PMC3621996
23057546	
23059146	
23061746	
23069858	
23071495	PMC3468617
23073208	PMC4038024
23073468	
23077486	PMC3471928
23083021	
23087401	PMC3529147
23090703	
23092981	PMC3565812
23095326	
23097010	
23099353	
23100282	PMC3612775
23104259	
23107770	
23116553	PMC3690108
23119086	PMC3485381
23126384	
23127338	
23127916	
23131881	
23142150	
23142377	
23146466	
23146479	
23147557	PMC4011617
23148286	PMC3537445
23149126	
23149441	
23149928	PMC3729209
23150149	PMC3641305
23158458	PMC3582836
23159639	
23159934	PMC3574284
23166513	PMC3499361
23172109	
23173844	PMC3523080
23175667	
23183491	PMC3873034
23183958	
23198157	PMC3505921
23204795	PMC3506814
23208322	
23215884	
23215888	
23221997	
23223006	
23230131	
23233654	PMC4169706
23233662	PMC3567337
23240711	PMC3548029
23241943	PMC3922978
23252721	
23252946	
23252947	PMC3570048
23254426	PMC3553682
23257391	
23263737	
23263738	
23266789	
23272163	PMC3525665
23278282	PMC4116556
23281610	
23299853	
23302985	
23305195	PMC3769669
23313410	
23313934	
23315174	PMC3658129
23323945	
23327575	
23332809	
23335901	PMC3544007
23337555	PMC3633658
23353631	PMC3756535
23354298	PMC3604156
23358500	PMC3778124
23360626	
23364483	
23371292	PMC3617060
23371894	
23372834	PMC3555879
23374588	
23375287	
23381968	
23383658	
23384627	PMC3624039
23394389	
23394390	
23399569	
23400848	PMC3594083
23400986	
23417334	PMC3675749
23422377	
23423913	
23426382	
23428009	
23431434	PMC3575609
23433505	PMC3622803
23435876	PMC3637851
23438946	
23444281	
23459029	
23469684	
23473641	
23476897	PMC3584248
23481074	PMC3657889
23490377	
23494984	
23503447	PMC3603284
23505228	
23510058	
23510446	
23510626	
23521149	
23537502	
23543259	PMC3608305
23555300	PMC3610685
23556337	
23556445	
23557865	
23557867	
23559402	
23559864	PMC3611944
23562852	PMC3786570
23567489	PMC3959225
23567787	
23570466	
23571513	PMC3712827
23580071	
23580812	PMC3621246
23584701	
23588314	
23588332	
23588952	PMC3673300
23590265	PMC3734608
23592691	
23599738	PMC3628804
23602689	
23609392	
23609393	
23612435	PMC3746708
23613831	PMC3632552
23619509	
23623526	PMC7274090
23628510	
23633119	PMC3755037
23640958	
23645042	
23646118	PMC3639978
23649425	PMC4151246
23651021	
23651023	
23651024	PMC3867202
23652803	
23656803	PMC3692386
23658070	
23665868	PMC3818912
23666564	
23666583	
23674605	PMC3749354
23682072	PMC4057281
23686330	
23688605	
23691226	PMC3656883
23697249	
23706899	
23712427	PMC3674704
23712614	PMC3760990
23726091	
23729673	PMC4296254
23730840	
23733010	
23733030	
23734829	PMC3680019
23738951	PMC3895354
23753411	PMC3780966
23757359	
23763943	
23773341	
23774941	
23787247	
23797529	
23799451	
23803057	
23807564	
23809733	
23816762	
23831869	
23834376	PMC3952719
23835420	
23837476	
23837477	
23840296	PMC3686783
23842101	
23846872	PMC3834132
23849431	PMC3818518
23856854	PMC4034115
23859569	PMC4116670
23859570	
23859573	
23860526	PMC3749570
23863317	
23876228	PMC3808494
23886675	PMC3845218
23894093	
23898114	
23900887	
23909491	
23922954	PMC3726442
23926243	
23940523	PMC3734199
23940630	PMC3734060
23941071	PMC3865618
23942539	
23944300	
23949431	
23953100	
23959273	
23959274	
23963147	PMC3776990
23965986	
23970434	
23974086	
23981149	
23990505	PMC3787223
23990957	PMC3753327
23991193	PMC3753270
23992748	PMC3938989
23996099	
23996211	
24014145	
24019055	
24019397	
24019752	PMC3760447
24024018	PMC3766937
24024897	PMC3860742
24024898	
24026091	
24029542	
24030684	
24033383	
24033696	PMC3946972
24034787	
24035255	
24036429	
24038027	PMC3912955
24048425	
24052064	
24059494	
24061445	
24061601	
24062210	
24066763	
24070809	
24073221	PMC3779247
24081349	PMC4502741
24088113	
24088130	
24089074	
24090479	
24096969	PMC3944214
24102823	
24117666	
24118301	PMC3852421
24120259	
24123600	PMC3858547
24126707	PMC3988270
24128861	
24134200	
24142869	PMC4412845
24143213	PMC3797132
24145522	PMC3910794
24148610	PMC4015881
24152157	
24154666	PMC3988537
24167597	PMC3805522
24189425	
24192117	
24192118	
24192120	
24192121	
24192302	
24192531	
24193570	
24205831	
24214410	
24217698	PMC3910846
24223824	PMC3818406
24224579	
24224851	
24230997	
24231473	
24232129	
24236484	
24238261	
24240480	
24251363	
24253594	
24256307	
24257813	
24269714	
24274990	
24279416	PMC6493076
24279852	
24280104	PMC3943570
24293076	
24293093	
24299220	
24300029	
24300566	PMC3901533
24300978	PMC3899768
24305170	PMC3931261
24307847	PMC3846997
24316028	
24322170	
24322329	
24329186	
24329187	
24330000	PMC4168390
24338217	PMC3890033
24342961	
24345815	
24346747	
24350812	
24351870	
24352002	
24360851	
24361227	
24365989	
24367041	PMC4017364
24369049	
24378577	
24382596	
24383060	PMC3871508
24383873	
24386571	PMC3872414
24394199	
24402637	
24403552	PMC4038142
24404132	PMC3880259
24407380	
24420746	PMC3947488
24422887	PMC6493124
24433464	PMC4168388
24435759	PMC4000411
24438215	
24442125	
24444407	
24444408	
24446315	
24448396	PMC3985268
24461666	
24469018	
24474498	
24475354	PMC3902809
24477223	
24492364	PMC4023787
24495780	
24497997	PMC3909010
24504666	
24508947	
24513691	
24521109	
24521642	PMC3978988
24522145	PMC3944116
24525658	
24526611	PMC4012056
24528196	PMC4137828
24530212	
24533708	
24551111	PMC3925114
24554646	
24566734	
24567120	
24577123	
24583629	
24589908	
24589909	
24595507	
24597986	
24598718	
24601977	PMC4043918
24602923	
24615047	
24619498	PMC4010098
24624914	
24628014	
24633560	PMC4104334
24637499	
24643204	PMC3958404
24643635	
24655974	
24656015	
24658827	PMC4025175
24663076	
24667440	
24668570	
24673480	
24684392	
24685597	
24702251	
24703092	
24704000	
24706503	
24709712	
24710841	PMC4113831
24712521	
24717838	
24718721	PMC11823488
24723432	
24724887	PMC4600600
24727911	PMC3984266
24728385	PMC3984158
24729586	PMC4100708
24729984	PMC3983993
24732178	
24739669	
24747667	
24748394	PMC3991683
24751813	
24752311	
24759732	PMC3997354
24763183	
24766668	PMC4257570
24768758	
24776844	
24809448	
24815731	
24820765	
24820767	
24827774	
24828442	
24831655	
24836205	PMC4154311
24852429	
24853734	PMC4171106
24858363	PMC4032230
24858822	
24868171	PMC4012347
24874929	
24889923	
24891132	
24898899	
24906949	PMC4119242
24907224	
24908438	
24909733	PMC4157963
24910925	PMC4243881
24927344	PMC4078496
24927955	
24929144	
24950369	
24951635	PMC10852661
24956244	PMC4151614
24956252	
24956253	
24958282	
24958824	PMC4105486
24967362	PMC4055378
24968714	
24968986	PMC4111883
24973281	
24978393	
24980946	
24996381	
24997317	
25001883	PMC4209173
25002132	
25008027	
25025378	PMC4099069
25025989	
25026456	
25026457	
25039301	PMC4300289
25040563	
25042728	
25042870	
25047911	
25048416	
25049040	PMC4270923
25049054	
25051018	PMC4160394
25054547	PMC4108472
25056761	
25060201	
25064769	PMC4115247
25069034	
25069475	
25075423	
25079360	PMC4183989
25080450	
25081908	
25084200	PMC4155516
25084201	
25084205	
25089947	
25090458	
25091503	PMC4308646
25093390	PMC4150366
25096017	PMC4282597
25096692	
25098908	
25102313	
25108385	PMC4999337
25108775	
25115353	
25120580	PMC4130425
25126975	PMC4134280
25141893	
25141896	
25143324	
25145599	
25150845	
25154506	
25155930	
25155931	
25155932	PMC4190075
25155934	
25156213	PMC4342329
25162219	
25163792	
25171465	
25171759	PMC4206345
25177243	PMC4110085
25179995	
25185591	
25187485	PMC4201132
25188725	
25192553	
25201288	
25209194	
25210463	PMC4154892
25215437	
25223561	
25224784	
25229170	
25232828	PMC4169411
25239082	
25239277	
25239468	
25240575	
25241292	
25245580	
25258374	
25266159	
25266679	PMC4406866
25271728	
25274942	
25278709	PMC4177494
25279405	PMC4243902
25279974	
25285015	PMC4181635
25286744	
25287072	
25290263	PMC4350512
25295552	
25303293	
25303294	
25303296	PMC4208722
25303299	
25303300	
25306451	
25310192	PMC4195667
25311255	
25311995	
25312789	
25322286	
25323806	
25327507	
25329996	PMC4199712
25339146	
25340733	
25344452	
25346426	
25348609	PMC4505931
25348619	
25350695	PMC4220464
25356900	
25361850	PMC4226857
25365528	
25367448	PMC4224698
25372290	PMC4220988
25372392	PMC4221105
25376930	
25379722	
25381393	PMC4271081
25385345	PMC4338734
25389973	PMC4229256
25393304	PMC4231027
25395315	PMC4413900
25403995	
25403996	
25405601	PMC4236071
25406899	PMC4298011
25408262	
25410894	
25411163	PMC4323272
25412950	
25422735	PMC4240933
25427841	
25430046	
25441457	PMC4737107
25446771	
25451051	PMC4335884
25456329	PMC4254688
25458099	
25461246	PMC4280295
25461247	PMC4387236
25461249	
25472448	PMC4265416
25473543	PMC4184528
25487141	
25492374	
25493567	PMC4292894
25493569	
25495409	
25495411	
25499099	PMC4433569
25501988	
25510856	
25515134	PMC4301945
25515945	
25519826	
25521355	
25529343	
25532715	
25536375	
25537528	
25542807	
25545243	PMC4278770
25548683	PMC4274707
25554506	
25556837	PMC4456129
25558073	
25560051	
25560469	
25563748	PMC4915265
25564374	
25565672	
25565674	
25567217	
25582575	PMC4762905
25587129	
25588294	PMC4480925
25588704	
25594874	PMC4307337
25594941	PMC4296935
25597548	
25602530	
25611810	PMC4500334
25614061	PMC4500328
25615449	PMC4304713
25616159	PMC4461653
25618758	
25621429	
25622064	
25622599	PMC4330076
25624441	PMC4375304
25630984	
25638254	PMC4345005
25642918	
25645282	
25649181	
25652102	
25658497	
25665511	PMC4762902
25669165	
25673014	
25673568	
25676789	PMC4479153
25677447	
25679126	
25681132	
25682022	
25685741	PMC4297489
25695618	PMC4484731
25698453	
25701374	
25702819	PMC4541975
25704243	
25705565	PMC4332701
25710119	PMC4445755
25712182	
25712183	
25712185	PMC7347085
25712187	
25712887	
25714002	PMC4356640
25715171	
25722197	PMC4542662
25730298	
25730470	
25734178	PMC4324232
25738571	
25748439	PMC4356257
25751398	
25752520	
25752914	PMC4541974
25755212	
25760804	
25769643	
25774163	PMC4343187
25778465	
25778466	PMC6174029
25785276	PMC4345081
25793413	PMC4368615
25794200	
25801567	PMC4432150
25802725	PMC4364852
25805645	PMC5963414
25817604	
25823782	
25823783	
25823785	
25825958	
25831219	
25834322	PMC4375579
25834819	PMC4365300
25836994	
25846690	
25846845	PMC4594699
25850964	
25852275	PMC4385537
25860945	PMC4425056
25868121	
25869250	
25872459	PMC4631197
25881752	
25882300	PMC6542686
25889207	PMC4405819
25891233	PMC4462564
25893704	
25894154	
25896535	
25897834	PMC4462610
25907378	PMC4631184
25911999	PMC5541380
25916517	PMC4719145
25918834	PMC4511425
25919042	PMC4631185
25919112	
25919528	PMC4928097
25920679	PMC4468641
25921178	
25930089	
25932441	PMC4390701
25935875	
25937240	
25939711	
25943212	
25944848	
25948472	
25950190	
25953735	
25955730	PMC4425504
25958342	
25963335	
25966085	
25967538	
25974723	
25976223	
25981758	PMC4764353
25986028	
25989180	
25989350	
25991051	
25991289	PMC5051541
25994031	
25995169	
25998968	
25999694	PMC4435089
25999707	PMC4437521
26002049	
26003758	
26004431	
26010205	
26010901	PMC4444267
26020121	
26024717	
26024874	PMC4513254
26030142	PMC4452656
26032235	
26033044	PMC4631186
26033531	
26039043	PMC4454552
26042510	PMC4469933
26049408	
26049585	PMC4498982
26067485	PMC4527535
26070913	PMC4641035
26071206	
26071277	
26071279	
26072396	
26075078	PMC4448076
26075959	
26076924	
26083242	PMC4470685
26083990	
26086348	
26086825	PMC4490522
26098993	PMC4618180
26100253	
26106580	PMC4473094
26107645	PMC4479596
26107754	
26109805	PMC4476880
26111149	
26111150	
26114223	PMC4574839
26122019	
26122864	
26125586	PMC4651007
26129906	
26132489	PMC4488893
26135562	PMC4702321
26137539	PMC4484512
26138512	PMC4594719
26141406	
26142345	PMC4537319
26147768	
26151596	
26153084	
26158282	
26162609	PMC4551162
26164721	PMC4503374
26167726	
26174719	
26176181	
26177012	
26180834	PMC4498287
26184414	
26186989	PMC4615534
26189437	
26189776	
26191232	PMC4503103
26191294	PMC4503165
26191484	PMC4503705
26192892	
26194361	
26195225	
26196596	
26211952	
26213157	
26214065	
26216193	
26216687	
26219158	
26222310	
26223945	
26227094	
26228923	
26232141	PMC4522133
26232156	
26239045	PMC5057355
26239729	
26242222	
26244421	
26244574	PMC4526634
26244882	
26249541	
26254792	
26257249	
26261165	PMC4557249
26262902	PMC4544820
26264253	PMC4722076
26265036	PMC4573240
26265231	
26265346	
26271661	PMC4693492
26282453	
26284539	
26293616	
26306225	PMC4525256
26307125	PMC4636889
26307969	PMC4581326
26307985	PMC4613195
26313268	PMC6361127
26313485	PMC4591203
26313487	
26314341	
26316040	
26320194	PMC4601717
26324139	
26325438	PMC4716887
26331942	PMC4731723
26332308	
26334272	PMC4613221
26334898	PMC4616511
26335396	PMC4630174
26339796	PMC4560372
26343256	
26348712	PMC4575538
26360837	
26362473	
26367500	
26371285	
26373210	
26387494	
26389554	PMC4667947
26392323	PMC4693577
26401715	
26405151	PMC4697903
26407342	PMC4583245
26407542	
26408409	
26411831	PMC4585967
26415694	
26419450	
26421491	
26425837	PMC4788379
26426211	
26426212	PMC4890827
26426352	PMC4833149
26433837	
26437921	PMC4672523
26439641	
26441325	PMC4595504
26445138	
26445541	PMC4590670
26450467	
26453102	
26456622	PMC4833150
26458301	
26461463	PMC5564514
26463708	PMC4794377
26466344	PMC5138058
26469104	
26474553	PMC4609097
26490356	
26491254	PMC4598210
26502740	
26503813	
26503815	
26513304	
26514968	
26518936	
26518946	
26521259	PMC4713720
26521987	
26524290	
26524713	PMC5798599
26526111	
26543771	PMC4628029
26555147	PMC4640545
26556041	
26556524	
26556583	
26556688	
26558451	
26566055	
26568242	
26580670	
26590936	
26595166	
26615671	
26615857	
26616421	PMC4976849
26616742	
26622455	PMC4533232
26633805	PMC4669157
26634478	
26635230	
26637161	PMC6357964
26644205	
26651826	
26653034	
26655325	PMC4892230
26659468	
26660002	PMC4862932
26664259	PMC4661296
26666695	
26667830	PMC4909584
26670100	PMC4682920
26696550	
26704739	
26705892	
26710337	PMC4692529
26712426	PMC4797547
26714287	
26729200	
26729753	PMC4752391
26730167	PMC4690185
26739304	
26739746	PMC4702374
26744986	
26745506	PMC4706412
26745768	
26751406	PMC4760888
26757307	
26762380	
26766959	PMC4701680
26770526	PMC4694426
26771271	
26773420	PMC4778608
26774055	PMC4876172
26774523	
26774659	PMC4931969
26775563	
26777610	
26779253	PMC4703773
26780119	
26780210	
26780783	
26781925	
26784512	
26788534	PMC4707035
26790665	
26792652	
26799162	PMC4876188
26799664	
26803611	
26804652	
26806518	PMC4814312
26809022	
26810133	PMC4959996
26810134	
26810137	
26823971	PMC4730664
26825765	
26829596	
26830411	
26831894	PMC4735961
26833182	PMC4735517
26846104	
26847054	
26847964	
26856397	
26856709	
26857559	PMC4746878
26861072	
26862009	
26866747	
26873108	
26876050	
26877068	PMC4803610
26878724	PMC5029084
26882121	
26888075	PMC4757974
26891871	PMC5306247
26892777	PMC4867099
26894931	
26895070	
26898617	
26902034	
26902503	
26902539	PMC4995153
26902643	
26903268	PMC5003027
26905411	PMC4872428
26915813	PMC4865408
26915847	
26916827	
26924289	PMC4820801
26926096	
26927285	PMC5009007
26930544	
26932749	
26944100	
26951882	
26952092	
26961113	PMC5098919
26967570	
26968770	PMC4896103
26975227	
26977146	PMC4764723
26984978	
26990259	
26990694	
26996562	PMC4800352
27001118	
27001119	
27007499	PMC4805204
27010727	PMC4806848
27020477	
27021566	PMC4943245
27023264	
27023460	
27027462	
27031121	
27035242	PMC4892970
27035272	
27035618	PMC4947669
27043265	
27044681	
27045425	
27045730	PMC5558527
27046326	PMC5293674
27052877	PMC4931885
27056297	
27073641	PMC4812555
27082504	
27091189	PMC4836090
27091191	PMC4969350
27092952	
27095468	
27096233	
27096250	PMC4972156
27098059	
27099220	
27104192	PMC4828529
27110018	
27110128	PMC4835128
27115882	
27116457	
27121899	PMC6375065
27138785	
27139004	PMC4854407
27142945	
27143031	
27150640	PMC5018246
27158673	PMC4855508
27160388	
27168100	
27173875	
27179628	PMC4868001
27180831	PMC4996314
27182616	PMC5324942
27187662	
27190009	
27193222	
27193993	
27195527	
27217047	PMC4921119
27217051	
27225724	
27226358	PMC4943390
27233747	
27236640	
27241063	
27248474	PMC5342450
27249660	
27253829	PMC4949007
27261537	
27262302	
27262824	
27266721	
27270784	PMC4982581
27271184	
27282261	PMC5087931
27284701	
27286724	
27287786	
27288795	
27298017	PMC6612264
27299708	PMC4846779
27314545	
27320564	
27333947	PMC5065384
27334259	
27335128	
27336732	
27338075	
27339827	
27348249	
27348478	
27353638	
27356304	
27377607	
27377818	
27385990	PMC4930967
27386433	PMC4916778
27388292	
27396837	
27403931	
27406852	
27409003	
27415606	PMC5534241
27416873	
27417511	PMC5233579
27418594	PMC4982759
27419077	PMC4932617
27422302	
27426203	
27432796	
27439447	
27445478	PMC4938133
27453700	PMC4956330
27456824	PMC5563830
27482244	PMC4965653
27484880	
27485537	
27488176	
27488389	
27490376	
27498543	
27500523	PMC5007158
27500822	
27503662	
27507617	PMC6777349
27511999	
27520898	
27523435	
27527610	PMC5061780
27528039	PMC5074472
27541716	
27546373	
27549341	PMC5323433
27557342	
27564082	
27564568	PMC5309133
27566582	PMC5354739
27566695	
27567841	
27577869	
27587472	PMC5309131
27599351	
27610747	
27611887	
27617219	PMC5006145
27622933	PMC5048209
27624150	
27636246	
27648687	PMC5558541
27649261	
27649267	
27653228	
27655857	PMC5161051
27660918	
27661060	
27665849	PMC5099419
27670765	
27670766	
27673605	
27676277	
27676404	
27694910	PMC5220536
27695358	PMC5028170
27698403	PMC5378677
27702941	
27707539	PMC5241185
27717793	
27729204	PMC5203947
27738808	PMC7115946
27740732	
27747906	PMC5306492
27758888	PMC5135610
27763679	PMC5346875
27767389	
27771748	
27773592	
27779248	PMC5817388
27780742	
27785604	
27793583	PMC5264271
27798726	
27799217	PMC5192124
27800629	
27802415	PMC5145728
27804107	
27805836	PMC5440888
27809336	
27812499	PMC5079351
27816260	
27825374	PMC5101708
27845419	PMC5432414
27846195	PMC5152628
27858848	PMC5591096
27859023	PMC5425333
27864660	
27878474	
27883323	
27885697	
27885916	
27893182	
27897268	PMC9536193
27897269	PMC5817390
27898234	PMC5461999
27900402	
27911795	PMC5167198
27918244	
27932669	
27937048	
27937053	
27938396	PMC5148898
27958380	
27958381	PMC5468510
27966227	PMC5346878
27967318	
27977332	
27977334	
27977511	
27981573	PMC5485718
27987364	PMC5189722
27991849	
27992285	
27992301	
27995989	
28002447	PMC5176308
28004016	PMC5142600
28006928	
28025020	
28030534	
28044353	PMC5427244
28045923	PMC5207665
28049362	PMC6714673
28049954	
28050888	
28063968	
28068779	
28079798	PMC5266160
28084894	
28087982	PMC5465325
28088792	PMC5355121
28094348	
28099407	
28107378	PMC5249113
28112181	PMC5342670
28115488	PMC5298887
28117133	
28121959	PMC5287983
28134748	
28135009	
28135054	PMC5862636
28135763	
28139755	
28145050	
28146264	
28154789	PMC5282793
28160554	PMC5392306
28165634	PMC6171340
28171547	PMC5886039
28178031	PMC5346034
28181117	PMC5500390
28181240	
28181923	PMC5382092
28184434	PMC5412025
28187506	PMC5546927
28207573	PMC5346037
28209466	
28210634	PMC5298566
28212683	PMC5316146
28222112	PMC5319785
28229376	PMC5427048
28244604	
28244805	
28244808	PMC5558529
28245187	
28246425	PMC5299197
28256933	PMC5521342
28261502	PMC5316454
28262345	
28273335	PMC5404990
28283692	PMC5423974
28289864	
28289867	
28290528	PMC5599305
28290770	
28296334	PMC5355968
28302415	PMC5377478
28306618	PMC5391994
28314991	
28316087	
28322941	
28324194	PMC5438821
28325531	
28330783	
28331852	PMC5346382
28332719	
28339166	
28340122	PMC5492788
28342282	
28343093	
28346059	
28346387	PMC5412267
28350522	
28356835	PMC4922322
28358597	
28358842	PMC5373545
28358908	PMC5373543
28367249	PMC5370513
28367681	
28371569	
28373444	
28376280	PMC5483245
28379874	
28380657	
28382498	
28383355	
28383427	PMC5411211
28388599	PMC5509475
28389049	
28401703	
28409297	
28418009	
28418010	
28419121	PMC5395152
28429387	
28430710	
28430711	
28435225	PMC5391214
28435308	PMC5386607
28437488	PMC5402961
28440343	PMC5656562
28444425	
28445187	PMC5510236
28453780	PMC5546852
28461697	
28462920	PMC7793629
28470111	
28470127	
28480819	
28481785	PMC5524513
28482130	PMC5421731
28485375	
28488026	PMC6387687
28493308	PMC5589489
28512430	PMC5411458
28525903	PMC5514947
28535629	
28540692	
28548579	PMC4366347
28550460	PMC5508045
28562428	PMC6298606
28591085	
28592191	
28594304	
28603840	PMC5651327
28604474	PMC5538305
28605053	
28606620	
28609430	PMC5645220
28611235	
28611364	PMC5469860
28614176	
28614221	PMC5478306
28620303	PMC5449482
28622951	
28624668	
28624888	
28627776	
28627804	
28628560	PMC5548439
28639471	
28639487	
28639493	
28659275	PMC5606007
28663312	PMC5562097
28664816	
28673279	PMC5496345
28673292	PMC5496343
28676933	
28678049	
28685396	
28685643	
28685716	PMC5520553
28686080	PMC5619051
28686294	PMC5651309
28689179	PMC5749368
28692418	
28692529	PMC5612381
28694205	
28696411	PMC5538123
28696414	
28696415	
28696418	
28704257	
28711222	
28718515	PMC5600689
28719596	
28719598	
28723731	
28726812	
28727815	PMC5519037
28732143	
28736028	
28740425	PMC5505550
28743242	PMC5526237
28745555	
28745577	
28750151	PMC5763318
28753467	
28763744	
28769582	PMC5533497
28775293	PMC5543069
28777242	
28786228	
28791698	
28796378	
28816644	
28820077	
28833323	
28833329	
28834135	
28834922	
28836054	
28837897	
28853295	
28858994	
28871191	PMC5583388
28877533	PMC5659294
28886044	PMC5590735
28914344	PMC5684285
28921760	PMC5807179
28923870	PMC5700347
28930490	PMC5768901
28932176	PMC5598801
28933337	
28940478	PMC6033076
28941036	
28945481	
28947035	
28947383	
28947469	PMC5700353
28951782	PMC5611711
28952408	
28960269	PMC5871545
28973620	PMC5818817
28976264	
28986606	
28992386	PMC5711571
28992563	PMC7497848
29018343	PMC5614982
29024493	PMC5744175
29026840	PMC5632935
29027195	PMC5899062
29039339	
29043387	
29048184	
29054760	
29061081	
29061086	
29066864	PMC5604555
29073750	PMC5678480
29080719	
29087970	
29095108	
29097388	PMC5721751
29099333	PMC6472479
29099344	
29099735	
29113387	PMC5655282
29117017	PMC5726942
29121268	PMC5833535
29126871	
29134491	
29135906	
29136336	
29148033	
29160300	PMC8513493
29160302	
29161757	
29162334	
29173032	
29177570	
29178257	
29192552	
29196725	PMC5711795
29196917	
29198060	PMC5808057
29201113	PMC5610780
29206869	PMC5716599
29207898	
29207912	
29210320	
29210323	PMC5753622
29229354	
29230023	PMC7039663
29234073	PMC5727167
29243113	
29250329	PMC5727754
29252193	
29256966	
29259946	PMC5734971
29265379	PMC6086578
29279204	
29279557	
29282363	
29285995	
29295555	PMC5795999
29298995	PMC6462825
29306656	
29315502	PMC6037621
29317847	PMC5743122
29318894	PMC6021962
29318930	
29325225	
29325448	
29326107	PMC5829963
29327948	
29327975	
29333880	PMC5940523
29341237	PMC5903228
29341245	PMC5903264
29342288	
29343979	PMC5749387
29352482	PMC5903234
29369421	
29374517	
29375701	PMC5763654
29377228	PMC5903239
29382897	PMC5789875
29389842	
29393157	
29393850	
29407288	
29427770	
29432897	
29436156	PMC5944577
29441875	
29441922	
29442027	
29450233	PMC5800559
29451946	
29454235	
29457840	PMC5980466
29469606	
29469964	
29474345	
29478026	PMC5866313
29479633	
29488276	PMC6003833
29497164	PMC5983535
29502154	
29502940	
29509491	PMC6006403
29517409	
29520080	
29520081	
29524157	
29525816	PMC5875353
29535109	
29536505	
29539600	
29540324	
29547545	PMC5877743
29550576	
29555325	
29568565	PMC5859345
29575099	
29578580	
29580174	
29589488	
29601950	
29603629	
29607533	PMC6005582
29611886	
29615122	PMC5883590
29621122	
29621993	PMC5887212
29624706	PMC6046471
29637588	PMC6046506
29650764	PMC5901893
29650774	PMC6014560
29653637	PMC5903579
29662106	
29666375	PMC5904126
29681852	PMC5898372
29682213	PMC5908314
29683944	
29691732	
29695967	PMC5904201
29706892	PMC5908896
29720126	PMC5932771
29723426	
29723928	
29731062	
29733390	
29735966	PMC6248022
29738412	PMC6092108
29743634	PMC5943457
29748862	
29748863	
29755652	PMC5945500
29756345	PMC6927671
29781049	
29790402	
29790415	
29791011	
29791014	PMC6089815
29804290	PMC6265082
29843110	
29852030	PMC6142943
29855074	
29867468	PMC5949564
29873816	
29875668	PMC5975540
29878980	
29882324	
29894392	
29911750	
29914286	
29914345	
29920880	
29923122	PMC6132901
29925376	PMC6011347
29925895	PMC6151284
29926893	
29935043	
29935595	
29938344	
29947950	
29950617	PMC6461793
29953682	
29967027	PMC6125540
29967377	PMC6289816
29975559	
29986700	PMC6038204
29992026	PMC6034060
29998574	
30016335	PMC6049926
30024814	
30031856	
30032160	
30038671	PMC6054772
30051214	
30061570	
30071039	PMC6071997
30075559	PMC6081148
30088221	PMC6373376
30088438	PMC6219441
30094551	
30100615	
30106255	PMC7292331
30106258	PMC7292295
30135031	
30136624	
30181602	
30192390	PMC6586010
30197492	PMC6128165
30207196	
30211780	
30237584	PMC6426691
30251062	
30256423	
30260084	
30281924	
30289819	PMC6262886
30300922	
30304062	PMC6179259
30318772	PMC6246957
30323313	
30324302	
30325732	
30334909	
30336686	PMC6714829
30345879	
30363031	
30366640	
30367352	PMC6451710
30368523	PMC6486881
30371861	PMC6939828
30381583	PMC6247602
30420869	PMC6216325
30425908	PMC6231319
30455395	PMC6328871
30457672	
30487649	PMC6786370
30506689	PMC6542461
30518301	PMC6479273
30520341	PMC6562943
30520759	
30528195	
30544975	PMC6313513
30549267	
30562214	
30569848	
30578947	PMC6501809
30604050	
30628914	
30647443	
30648747	PMC6612579
30651574	
30652301	
30653146	PMC6370172
30653751	
30672383	
30672385	
30700996	PMC6347826
30704156	PMC6505090
30704436	PMC6357360
30706508	PMC6475679
30713339	
30723321	PMC6752321
30730287	
30745309	PMC6423619
30762755	PMC6408006
30767719	
30779340	
30786012	
30799432	PMC6400024
30815689	PMC8204702
30815856	
30821933	PMC6510382
30829738	PMC6587209
30840592	PMC6411020
30848065	PMC6518412
30870237	
30870275	PMC6448146
30874608	PMC6745302
30883264	
30886581	PMC6409308
30906561	PMC6411694
30907440	PMC6595468
30908574	
30920410	
30922102	
30924126	PMC6941886
30967597	
30969062	
30971809	
30983501	
30983536	
30983549	
30987408	PMC6523194
30989645	PMC6767327
30992538	PMC6800829
31002879	
31014225	PMC6734474
31022310	
31033190	PMC6742943
31043678	
31055022	
31058543	
31058715	PMC6613715
31066578	
31087723	PMC6591035
31090079	PMC6773496
31099054	
31107373	
31114289	PMC6489578
31124411	
31124417	
31134657	
31141989	PMC6631257
31160146	PMC6760244
31190621	PMC6891932
31192912	PMC6587626
31201901	
31206155	PMC7963143
31250045	
31250727	
31257615	PMC6813860
31269327	
31320226	PMC7089776
31324945	
31327267	
31337162	
31346154	PMC6647927
31350855	
31393228	
31395958	
31401678	
31402421	
31406237	
31423876	PMC6759913
31444512	
31461080	PMC6989102
31482508	
31486735	
31490856	PMC6855320
31493434	PMC6801039
31513279	PMC6980920
31549442	PMC7028104
31557306	PMC6851426
31562781	PMC10810687
31588879	
31594719	
31599092	
31607718	
31611591	
31616047	
31624332	
31624333	
31628422	
31636356	
31649263	
31649299	PMC6969041
31653973	
31721892	PMC7115450
31728800	PMC7197488
31738228	PMC7039325
31744222	PMC6920759
31755291	
31769341	
31773688	
31792371	
31796940	
31806881	PMC7260086
31806882	
31846553	
31849280	
318493	
31854268	
31857620	PMC6923423
31866536	
31869433	PMC7217737
31870219	
31901240	PMC6942309
31902949	
31907389	
31932420	PMC6995013
31932875	
31940240	
31957548	
31959879	PMC7375952
31961981	PMC7340566
31967515	
31969823	PMC6960206
31981411	PMC7214659
32011683	
32015456	
32020635	PMC8758337
32022294	PMC7319006
32073889	
32082176	PMC7005197
32090339	
32095466	PMC7033374
32106141	PMC7398416
32112986	
32123296	PMC7674153
32128760	
32134726	
32173978	
32208328	
32209837	
32256718	PMC7086280
32295690	
32302325	PMC7164646
32308125	
32308134	
32331352	PMC7235792
32344532	PMC7215378
32361904	
32365274	
32367114	PMC7710914
32371615	
32373204	PMC7193447
32401749	PMC7245057
32407152	
32432768	
32438452	PMC7497238
32448869	
32457604	PMC7221122
32459054	PMC7375060
32461666	
32462699	
32475982	
32481444	PMC12245365
32483200	
32498119	
32500578	
32519344	
32538291	
32555152	PMC7303159
32555608	PMC7302666
32559325	
32559398	
32564268	
32602170	PMC7993015
32606912	PMC7305826
32612964	PMC7308427
32695297	PMC7351433
32701512	PMC7455128
32723321	PMC7388522
32731218	
32733111	PMC7377539
32736537	PMC7393710
32787509	
32795354	PMC7427977
32800527	
32813313	PMC7437348
32815870	PMC7655626
32838647	
32843687	
32848803	PMC7431691
32874001	PMC7446679
32893730	
32893731	
32920647	PMC7883889
32920985	
32986886	
32994732	PMC7499297
33000414	
33001556	PMC8142152
33013391	PMC7510454
33030089	PMC8163522
33047329	
33061533	PMC7533272
33094665	
33097827	
33118660	
33124053	PMC8081740
33124499	PMC7649675
33124517	
33127459	
33131142	
33141308	PMC7811992
33143542	
33165168	
33190395	
33203295	
33203301	
33205280	
33230203	PMC8141066
33236485	PMC8106923
33247397	
33277605	PMC7718230
33350885	
3335642	PMC442471
33378980	
33404848	
33410778	PMC7968507
33452682	PMC8359222
33454797	PMC7870766
33476460	PMC8182957
33501733	
33512723	PMC11240873
33548906	
3356084	
33586456	
33589792	
33608663	
33622083	
33649516	
33649523	
33675323	PMC8184575
33676726	PMC8132880
33731884	
33731885	
33750887	PMC8295171
33759177	
33799050	
33805706	PMC7999651
33812699	
33829662	PMC8222836
33850298	
33851947	PMC8373649
33858192	
33887993	
33915198	PMC9373641
33944612	PMC9552901
33953123	PMC8108700
33967795	PMC8100460
33977649	
34025422	PMC8137991
34081644	
34096894	PMC8185249
34100292	PMC8238023
34160285	
34173968	PMC8599229
34231053	
34231218	PMC8672325
34234136	PMC8263746
34246203	
34295246	PMC8292113
34302046	PMC8455325
34302059	PMC8505452
34320604	
34320607	
34328221	
34369424	PMC8578190
34380995	
34380996	PMC8578201
34406845	
34412101	PMC8702453
34423496	PMC8571740
34461232	
34464454	PMC8530979
34476566	
34476898	PMC8742641
34480108	
34482033	PMC8767566
34488071	PMC9328121
34489188	
34491372	PMC8724172
34504302	
34512354	PMC8429954
34512362	PMC8426351
34520119	PMC8604252
34523245	PMC8441053
34523354	
34529545	
34529603	
34531744	PMC8438567
34541364	PMC8445626
34545025	
34568359	PMC8458697
34575187	PMC8472669
34583027	
34585840	PMC8841435
34599645	PMC9298338
34635730	PMC8505487
34656068	PMC9297921
34680127	PMC8533258
34683865	PMC8540141
34689504	
34719653	
34721043	PMC8553963
34747629	
34752647	
34843922	
34877660	PMC8940650
34910759	PMC8673616
34965002	PMC9306465
34983973	
34986431	
34990262	PMC8887949
35079845	
35081606	
35102242	PMC8975736
35105285	
35107877	
35108398	PMC13108523
35110472	
35115810	PMC8800862
35135554	PMC8822703
35144161	
35214132	PMC8880478
35235559	PMC8890732
35253216	PMC9314634
35259926	
35272420	
35279143	PMC8917764
35280252	PMC8915292
35303539	
35311356	
35316848	
35335877	PMC8954661
35335997	PMC8953705
35394133	
35426132	PMC9322346
35431360	PMC8973308
35434830	
35446233	
35453646	PMC9028965
35457347	PMC9031832
35508605	
35527244	PMC9080200
35538637	PMC10908252
35608144	
35620290	PMC9127076
35658244	PMC9450009
35668575	PMC9468554
35697190	
35698907	
35703273	
35705023	
3571939	
35799642	PMC9256318
35852913	PMC7613628
35852914	
35853541	
35873555	PMC9301121
35878676	
35880564	
35884569	PMC9321338
35947050	
35968761	
35971863	
35997001	PMC9579386
36015253	PMC9413960
36029108	
36110554	PMC9468644
36118414	PMC9481373
36134646	PMC10091789
36145690	PMC9501307
36152308	PMC9841299
36162369	
36169235	
36172660	PMC9810307
36186466	PMC9515473
36193736	
36210801	PMC9537548
3621781	
36222113	
36229649	
36246675	PMC9532634
36250837	
36253887	PMC9819208
36256705	
36266537	PMC9584256
36278153	PMC9585281
36278195	PMC9582748
36292717	PMC9601332
36297437	PMC9610285
36303140	PMC9608913
36305091	PMC9701885
36309848	
36333412	PMC9925376
36350097	PMC10099095
36361964	PMC9657232
36373739	
36394393	
36408735	
36484758	
36528349	
36569923	PMC9768477
36580432	
36581799	PMC9801627
36606188	PMC9809306
36613935	PMC9820795
36614097	PMC9820603
36622792	
36624463	PMC9830790
36627267	
36662574	
36681895	
36708557	PMC10152845
36714653	PMC9875006
36718958	
36739459	
36741090	PMC9890192
36742186	PMC9891445
36764694	PMC10085626
36766510	PMC9914414
36773010	
36789833	
36806969	PMC10038974
36817149	PMC9934922
36818341	PMC9931738
36836506	PMC9961245
36851891	
36853844	
36873097	PMC9974434
36877088	
36938952	PMC10214567
36951964	
36988399	
37042314	PMC10478012
37042388	PMC11016593
37061107	
37078251	
37097441	
37098851	
37098852	PMC10154044
37101315	
37108150	PMC10139129
37109042	PMC10145266
37114884	
37141338	PMC10159199
37146669	
37149714	
37159804	PMC10163902
37176129	PMC10179231
37202871	PMC10527451
37203300	PMC10196221
37212851	
37248698	PMC10463210
37266339	PMC10230242
37269349	
37270865	
37272562	PMC10244018
37273173	
37306344	PMC10309098
37307170	
37318060	
37331863	
37332933	PMC10275785
37337448	PMC10529681
37340142	
37340713	PMC10582663
37342387	PMC10278212
37353859	PMC10499425
37372371	PMC10298263
37420302	PMC10327396
37438870	
37449247	PMC10337687
37451178	
37454203	PMC10349800
37456358	PMC10349379
37458772	
37458773	
37460671	
37460702	
37493972	
37500985	
37509727	PMC10377184
37511720	PMC10381361
37542618	
37551646	
37553950	
37555408	PMC10501538
37564175	PMC10409991
37569738	PMC10418744
37574850	
37596839	PMC10583240
37610885	
37611146	
37615099	PMC10565537
37626805	PMC10452379
37638833	
37639712	PMC10834390
37656138	
37678026	
37688505	PMC10666731
37693312	PMC10483403
3769385	
37695751	PMC10495004
37702085	
37706370	PMC10645035
37709837	PMC10502099
37728834	
37734262	
37755681	PMC11003701
37760947	PMC10526247
37763115	PMC10532840
37763120	PMC10532907
37765034	PMC10537526
37772804	
37775332	
37803948	
37810546	PMC10557961
37817654	
37820941	
37824400	
37829781	PMC10566653
37845416	
37850738	PMC10648962
37851084	
37855290	
37858371	
37864290	
37880658	PMC10599059
37882999	PMC10684410
37894954	PMC10607223
37906625	
37920361	PMC10618485
37925536	
37940132	
37947089	
37962984	
37976989	
37993281	PMC10668244
38001504	PMC10668502
38004402	PMC10675623
38004558	PMC10675244
38009933	
38041757	
38050720	
38059315	
38071464	
38071832	
38085693	
38124280	
38126330	
38133857	
38140040	PMC10747255
38140786	PMC10787143
38156857	PMC10909096
38158593	
3816019	
38171911	
38172377	
38174147	PMC10758687
38192190	
38200532	PMC10782740
38203360	PMC10778798
38221808	PMC10898793
38232251	PMC10769478
38254988	PMC10815823
38262522	
38270743	
38284409	
38287840	
38287884	
38289893	
38293288	PMC10825484
38293439	PMC10827494
38310750	PMC7619122
38311638	PMC10876746
38312123	PMC10838100
38315168	PMC11134291
38321419	PMC10848431
38327217	
38341456	PMC10858860
38357508	PMC10864595
38360955	PMC13261553
38369687	
38372728	
38377518	PMC10880264
38377520	
38380703	PMC10880038
38381003	
38381330	
38385986	PMC10883345
38421437	
38443268	
38445694	
38450253	PMC10914946
38453649	
38467432	PMC11023817
38470454	
38474016	PMC10931982
38479169	
38485815	PMC10917709
38491961	
38493369	
38497347	
38502357	
38504095	PMC10951231
38507115	PMC11140815
38507296	
38514707	PMC10957942
38517706	
38519421	PMC11102648
38525959	
38540209	PMC10967865
38540428	PMC10970167
38543282	PMC10974048
38551694	
38553322	
38560574	PMC10972729
38562167	PMC10982510
38572689	
38576571	PMC10990950
38579568	
38580563	
38584604	PMC10995391
38589850	PMC11000398
38598106	PMC11088557
38610733	PMC11012255
38612496	PMC11011338
38614858	
38629502	PMC11022290
38636352	
38637522	
38637968	
38640718	
38647526	PMC11208962
38654529	
38661209	
38669362	PMC11049768
38669948	
38674283	PMC11052159
38674430	PMC11049954
38682317	
38682355	
38683649	
38685044	PMC11059713
38693155	PMC11063049
38706338	
38713940	
38714384	
38714580	PMC11347466
38720595	
38728170	
38747453	
38752093	PMC11095822
38756645	PMC11094496
38765788	PMC11102100
38765922	PMC11082567
38772712	PMC11257687
38773528	PMC11106956
38776596	PMC11141156
38778126	PMC11111788
38791422	PMC11120965
38809387	PMC11315837
38821204	
38826804	PMC11140026
38835664	PMC11148365
38837984	PMC11152251
38852696	
38852760	PMC11269006
38859656	
38886107	
38896022	
38925553	
38927668	PMC11203291
38934229	PMC7616417
38958362	PMC11221861
38963454	PMC11393095
38980270	PMC11244643
38990762	
38993001	
38994198	PMC11236688
38994750	PMC12872032
38996572	
38999967	PMC11241034
39005567	PMC11246114
39011438	PMC11246689
39011815	
39012380	
39014868	PMC11252221
39024362	PMC11257390
39025838	PMC11258238
39025933	
39030549	PMC11264771
39038621	
39041443	
39048464	
39054222	
39055374	PMC11269678
39069949	PMC11404698
39071983	PMC11271148
39081053	PMC11605493
39084859	
39093709	PMC11544447
39101384	
39107874	PMC11773116
39115847	PMC11310823
39131200	PMC11314417
39135792	PMC11317398
39139076	
39147616	
39152554	
39159789	
39171428	
39171589	
39179559	
39182670	
39201627	PMC11354576
39204422	PMC11359404
39212958	
39214396	
39237024	
39240338	PMC11458732
39253879	
39272186	PMC11401437
39300676	
39314259	PMC11418302
39319218	PMC11421434
39338398	PMC11435314
39344086	PMC11528939
39350313	
39356102	
39375343	
39380207	PMC11773121
39382000	PMC11492722
39390741	PMC11862786
39407134	PMC11481807
39410605	PMC11475898
39426598	
39432161	PMC12167464
39441506	PMC11573879
39453028	
39456782	PMC11507373
39457109	PMC11508189
39459499	PMC11509751
39462036	
39465171	PMC11512548
39468580	PMC11520374
39477313	
39484171	PMC11524821
39488825	PMC11652804
39490424	
39492517	
39492848	PMC11531276
39522115	
39523378	PMC11552228
39535282	
39539273	PMC11555502
39539630	PMC11558073
39542691	
39555806	PMC11703419
39563600	PMC11703455
39564784	
39578425	PMC11584383
39580648	
39611166	PMC11603417
39612420	PMC11608742
39617342	
39626927	
39643544	
39658609	
39660002	PMC11628867
39667604	
39668580	PMC11638344
39688234	PMC11995662
39704240	
39711059	
39714624	PMC11666798
39717930	
39718059	
39720462	PMC11667419
39720770	PMC11668066
39727500	PMC11672886
39730940	
39738991	PMC11685162
39752799	
39754510	
39771563	PMC11677811
39774699	PMC11825576
39789135	PMC11717999
39792745	PMC11730665
39796117	PMC11720188
39799793	
39846525	PMC11755583
39850575	PMC11754044
39858006	PMC11763628
39884809	
39891427	PMC11786019
39896937	PMC11787782
39898620	
39901718	PMC12146598
39920787	PMC11803932
39928707	PMC11809887
39940086	
39954158	
39960813	PMC12043259
39974498	PMC11758033
39995492	PMC11850035
40001258	
40001447	PMC11852071
40004467	PMC11855146
40005966	PMC11860030
40014467	PMC11871410
40016980	
40029062	
40048458	PMC11884701
40050768	PMC11887348
40054571	
40055599	PMC11887086
40066084	PMC11891766
40071563	PMC12080641
40080971	
40098302	PMC11913886
40114953	PMC11921366
40135234	PMC11933031
40137409	PMC11943653
40142989	PMC11944811
40146606	PMC11949125
40152645	
40157325	
40159410	
40176889	PMC11962430
40178659	
40183079	PMC11965123
40185984	PMC11971150
40195278	
40223939	PMC11986373
40239986	PMC12349936
40248396	PMC12003916
40257143	PMC12010784
40261922	PMC12166262
40268505	
40290439	PMC12023276
40296506	
40297930	PMC12038368
40313598	PMC12043472
40315028	
40324568	
40328918	PMC12260092
40341589	PMC12061382
40341591	
40346857	
40350722	
40362255	PMC12071444
40365305	PMC12069994
40369345	PMC12134019
40369478	PMC12080024
40371326	PMC12075942
40379961	PMC12187529
40402555	
40413606	PMC12104603
40421567	
40422899	PMC12114030
40424646	
40432883	PMC12107630
40457359	PMC12131839
40470653	PMC12229112
40511772	
40512603	
40513807	
40526024	
40529360	PMC12171201
40554316	PMC12405907
40560810	
40564219	PMC12191206
40564659	PMC12191353
40573298	PMC12196290
40583882	PMC12198743
40588615	PMC12414073
40598106	PMC12220787
40604035	PMC12223032
40613206	
40616336	PMC12227894
40623366	
40625301	
40630969	PMC12233936
40644802	
40645349	
40655132	PMC12254679
40657553	PMC12245479
40662362	PMC12259257
40665658	
40670336	
40672687	PMC12260932
40689604	
40692597	PMC12277154
40694104	
40695081	
40704440	PMC12558374
40708595	PMC12287053
40711648	
40712111	PMC12917768
40733022	PMC12300161
40740505	PMC12308912
40744310	
40744734	
40748991	PMC12316228
40761401	PMC12319242
40769841	
40779463	
40781498	PMC12511196
40810118	PMC12342004
40816377	
4082245	
40834135	PMC12401121
40840956	PMC12376158
40851704	PMC12370162
40853585	PMC12378818
40863448	PMC12387821
40875702	
40883875	PMC12396951
40884146	
40908865	PMC12746518
40910489	PMC12649294
40917024	
40932846	PMC12418867
40936106	PMC12427442
40939752	
40958434	
40958617	PMC12444925
40959922	PMC12441883
40962832	PMC12916320
40964095	PMC12439663
40964718	
40971654	
40983806	PMC12680674
40985517	PMC12954561
41001332	PMC12458423
41007658	PMC12467674
41011233	PMC12472897
41052036	
41054698	PMC12496473
41057866	PMC12505756
41077737	PMC12667679
41106572	PMC12580495
41126293	PMC12542493
41136382	PMC12552505
41153516	PMC12563760
41155512	PMC12564353
41168950	
41187610	
41190631	PMC12867320
41198911	PMC12592258
41200574	PMC12588057
41241150	PMC12676671
41253930	PMC12627540
41256737	PMC12620305
41259730	
41295213	PMC12653636
41304835	PMC12655601
41304862	PMC12655608
41304863	PMC12655527
41325898	
41328687	PMC12959188
41339584	PMC12675590
41343619	
41388917	PMC12701419
41399021	
41431155	PMC12997497
41432755	
41451876	PMC12741916
41472487	PMC12915791
41478610	
41485482	
41486946	
41496868	PMC12767469
41501986	
41553485	
41554112	PMC13021033
41560413	PMC12915789
41567292	PMC12818952
41568406	PMC12824591
41590876	PMC12842244
41595648	PMC12838823
41599148	PMC12845259
41606811	PMC12915882
41633578	
41664353	
41678828	PMC13045534
41693382	
41713946	PMC13086501
41749399	PMC13041349
41754751	PMC12944365
41759239	
41766350	
41774388	PMC13031194
41786984	
41791456	
41794841	PMC13087309
41818096	
41820792	PMC13093447
41821195	PMC12990272
41845570	PMC13093649
41847141	PMC12989821
41849095	
41861156	PMC13200858
41862488	PMC13168359
41871565	
41906117	PMC13072570
41908817	PMC13018124
41918264	
41925081	
41932892	
41935281	PMC13067636
41947660	
41948716	PMC13050909
41949056	PMC13078237
41949256	
41961764	
41964137	PMC13193632
41967124	
41968188	PMC13230963
41989453	PMC13083763
41997888	
42007248	PMC13091438
42011099	
42024385	PMC13107228
42031461	
42053037	
42058494	PMC13121062
42086550	PMC13143807
42094211	PMC13142728
42110547	PMC13153100
42115785	PMC13160929
42125486	PMC13159003
42142189	
42142508	
42145189	PMC13339200
42166662	
42168754	PMC13305058
42184267	
42195218	PMC13209118
42198385	PMC13210710
42199863	PMC13199760
42212460	
42265358	
42278241	PMC13256612
42303966	PMC13271889
42319470	PMC13282291
42337190	
42353876	PMC13299576
445966	
5026380	
6111662	
7159207	
7259927	PMC1401654
7284051	
7298112	
7408395	
7438695	
7471604	
7550367	
7586928	
7640149	PMC1365130
7640151	PMC1365132
7648764	
7654478	PMC1365072
7693389	
7845481	
7903454	PMC48077
7935325	
7964939	
7965806	
7969038	
8004131	
8018461	PMC1364741
8093319	
8101460	
8148222	PMC1364713
8181196	
8195181	
8257179	PMC1029622
8287064	
8451774	
8530011	
8538349	
8554938	PMC1365155
8563771	
8612387	
8648264	
8653995	
8655150	
8675169	
8681489	
8689810	
8728305	
8742444	
8747407	
8806248	PMC2352037
8807669	
8823231	
8823236	
8835703	
8941024	
8946471	
8946657	
8952600	
8971426	PMC2042718
8986921	
8988068	
9014200	
9014204	
9049581	
9069453	
9103550	
9164419	
9241659	
9272410	
9284848	
9316174	
9322235	
9352580	
9357098	
9357389	
9408809	
9409631	
9431830	PMC2042888
9433390	
9435198	
9476037	
9510461	
9511177	
9517369	PMC1873375
9551410	
9562213	
9578184	PMC1873971
9585799	
9595868	
9630826	
9661139	
9726242	
9732415	
9797795	
9797796	
9827545	
9829356	
9857976	
9858029	
9867757	
9869506	
9918131	
9918137	
9951426	
